Ranking,Name, ,Return Rating,% 1 Serve Return Points Won,% 2nd Serve Return Points Won,% Return Games Won,% Break Points Converted,Year
1,Guillermo Perez-Roldan,,183.3,37.5%,56.6%,38.6%,50.6%,1991
2,Magnus Gustafsson,,177.2,37.9%,55.4%,36.1%,47.8%,1991
3,Thomas Muster,,175.7,37.7%,54.4%,36.0%,47.6%,1991
4,Michael Chang,,172.7,34.5%,54.8%,35.2%,48.2%,1991
5,Andrei Chesnokov,,172.0,36.4%,52.7%,35.1%,47.8%,1991
6,Jordi Arrese,,169.8,34.9%,55.5%,34.3%,45.1%,1991
7,Stefan Edberg,,168.1,35.5%,54.3%,33.3%,45.0%,1991
8,Sergi Bruguera,,167.5,34.2%,55.4%,32.8%,45.1%,1991
9,Horacio de la Pena,,166.8,37.4%,53.6%,34.6%,41.2%,1991
10,Fabrice Santoro,,166.2,35.5%,53.8%,33.9%,43.0%,1991
11,Anders Jarryd,,165.2,33.4%,52.5%,30.8%,48.5%,1991
12,Francisco Clavet,,165.1,34.9%,53.2%,33.0%,44.0%,1991
13,Goran Prpic,,165.1,34.3%,53.7%,32.2%,44.9%,1991
14,Eduardo Masso,,164.7,34.9%,52.8%,30.4%,46.6%,1991
15,Jimmy Connors,,164.6,34.3%,54.1%,32.3%,43.9%,1991
16,Lars Jonsson,,164.4,33.4%,53.2%,32.1%,45.7%,1991
17,Christian Bergstrom,,163.2,34.8%,52.1%,31.6%,44.7%,1991
18,Renzo Furlan,,163.2,35.8%,51.2%,31.5%,44.7%,1991
19,Ivan Lendl,,161.5,32.1%,53.3%,29.4%,46.7%,1991
20,Jaime Yzaga,,160.4,34.5%,51.1%,30.8%,44.0%,1991
21,Petr Korda,,160.3,33.7%,52.7%,29.6%,44.3%,1991
22,Jim Courier,,160.3,31.8%,53.2%,29.7%,45.6%,1991
23,Marian Vajda,,159.6,34.7%,51.3%,29.3%,44.3%,1991
24,Jaime Oncins,,159.4,35.1%,53.7%,29.7%,40.9%,1991
25,Patrick McEnroe,,159.3,32.2%,55.7%,30.3%,41.1%,1991
26,Jimmy Arias,,158.8,32.4%,53.8%,29.7%,42.9%,1991
27,Paul Haarhuis,,158.3,34.2%,49.6%,28.2%,46.3%,1991
28,Horst Skoff,,157.4,34.6%,51.3%,29.1%,42.4%,1991
29,Richard Fromberg,,157.0,34.8%,48.3%,27.7%,46.2%,1991
30,Thierry Champion,,156.9,33.8%,49.2%,28.1%,45.8%,1991
31,Brad Gilbert,,156.6,34.8%,49.6%,28.7%,43.5%,1991
32,Carl-Uwe Steeb,,156.4,33.4%,52.1%,27.4%,43.5%,1991
33,Andrei Cherkasov,,156.3,31.8%,54.0%,28.3%,42.2%,1991
34,Arnaud Boetsch,,155.7,32.5%,52.9%,28.8%,41.5%,1991
35,Andre Agassi,,155.7,32.0%,53.0%,28.9%,41.8%,1991
36,Alexander Volkov,,155.4,32.5%,50.7%,26.6%,45.6%,1991
37,Jonas Svensson,,155.3,33.5%,50.3%,27.9%,43.6%,1991
38,Veli Paloheimo,,154.7,35.5%,52.1%,29.4%,37.7%,1991
39,Javier Frana,,154.2,30.7%,51.0%,25.1%,47.4%,1991
40,Jan Gunnarsson,,154.2,33.3%,51.3%,27.9%,41.7%,1991
41,Richey Reneberg,,153.9,33.5%,51.2%,28.4%,40.8%,1991
42,Gilad Bloom,,153.3,31.6%,49.4%,27.2%,45.1%,1991
43,Boris Becker,,153.1,32.6%,50.4%,27.3%,42.8%,1991
44,MaliVai Washington,,152.8,30.8%,52.1%,26.1%,43.8%,1991
45,John McEnroe,,152.6,33.5%,50.6%,27.7%,40.8%,1991
46,Todd Woodbridge,,152.0,30.0%,53.3%,26.5%,42.2%,1991
47,Tomas Carbonell,,152.0,31.5%,50.4%,26.5%,43.6%,1991
48,Martin Jaite,,151.7,32.7%,48.7%,26.0%,44.3%,1991
49,Mark Koevermans,,151.7,34.7%,48.6%,26.6%,41.8%,1991
50,Omar Camporese,,151.6,32.1%,49.8%,26.2%,43.5%,1991
51,Nicklas Kulti,,151.1,31.7%,50.9%,25.9%,42.6%,1991
52,Jean-Philippe Fleurian,,150.6,33.4%,48.5%,26.3%,42.4%,1991
53,Karel Novacek,,150.5,31.1%,51.2%,25.8%,42.4%,1991
54,Jeff Tarango,,150.4,31.6%,48.0%,23.9%,46.9%,1991
55,Wayne Ferreira,,150.4,33.9%,48.2%,26.8%,41.5%,1991
56,Javier Sanchez,,150.3,33.4%,49.5%,25.7%,41.7%,1991
57,Cristiano Caratti,,150.3,32.1%,50.7%,25.9%,41.6%,1991
58,Andres Gomez,,149.7,32.4%,48.9%,25.3%,43.1%,1991
59,Patrik Kuhnen,,149.4,30.3%,49.5%,24.8%,44.8%,1991
60,Alberto Mancini,,149.2,33.3%,50.1%,25.3%,40.5%,1991
61,Aaron Krickstein,,147.2,31.8%,50.8%,26.2%,38.4%,1991
62,Guy Forget,,146.5,30.5%,49.9%,24.6%,41.5%,1991
63,Pete Sampras,,146.1,31.2%,50.0%,25.4%,39.5%,1991
64,Amos Mansdorf,,146.1,29.5%,51.4%,25.8%,39.4%,1991
65,Cedric Pioline,,146.0,30.7%,51.5%,23.9%,39.9%,1991
66,Luis Herrera,,145.6,31.4%,50.0%,25.3%,38.9%,1991
67,Ronald Agenor,,145.5,30.9%,50.2%,24.3%,40.1%,1991
68,Emilio Sanchez,,145.2,32.7%,48.1%,24.9%,39.5%,1991
69,Michael Stich,,144.8,31.9%,47.1%,24.1%,41.7%,1991
70,Wally Masur,,144.7,29.3%,50.9%,23.3%,41.2%,1991
71,Eric Jelen,,143.9,31.6%,47.3%,23.2%,41.8%,1991
72,Shuzo Matsuoka,,143.7,29.0%,49.1%,22.3%,43.3%,1991
73,Jan Siemerink,,143.6,30.9%,48.7%,22.9%,41.1%,1991
74,Luiz Mattar,,143.0,30.7%,49.3%,22.5%,40.5%,1991
75,David Wheaton,,142.8,30.4%,50.4%,24.0%,38.0%,1991
76,Thomas Hogstedt,,141.7,27.1%,51.4%,22.3%,40.9%,1991
77,Magnus Larsson,,141.2,29.9%,49.4%,21.9%,40.0%,1991
78,Derrick Rostagno,,141.2,30.3%,48.9%,23.7%,38.3%,1991
79,Jakob Hlasek,,140.8,29.3%,48.0%,22.4%,41.1%,1991
80,Peter Lundgren,,140.7,29.4%,49.9%,22.1%,39.3%,1991
81,Mark Woodforde,,140.4,30.2%,50.1%,22.1%,38.0%,1991
82,Goran Ivanisevic,,140.1,28.8%,48.9%,21.7%,40.7%,1991
83,Patrick Baur,,138.8,30.9%,48.9%,22.5%,36.5%,1991
84,Jason Stoltenberg,,138.0,29.6%,47.5%,21.4%,39.5%,1991
85,Kevin Curren,,137.6,30.4%,46.5%,21.5%,39.2%,1991
86,Richard Krajicek,,137.3,29.6%,49.9%,20.8%,37.0%,1991
87,Guillaume Raoux,,135.3,28.5%,47.1%,19.9%,39.8%,1991
88,Alexander Mronz,,134.6,26.0%,48.4%,19.1%,41.1%,1991
89,Marc Rosset,,133.2,28.6%,48.9%,19.8%,35.9%,1991
90,Jim Grabb,,131.8,27.6%,49.3%,19.9%,35.0%,1991
91,Christian Saceanu,,131.1,27.7%,47.7%,18.7%,37.0%,1991
92,Grant Connell,,131.1,30.5%,46.4%,19.0%,35.2%,1991
93,Scott Davis,,125.7,28.2%,45.7%,18.6%,33.2%,1991
94,Jacco Eltingh,,124.6,26.7%,47.2%,16.9%,33.8%,1991
95,Gary Muller,,120.6,25.2%,42.6%,14.6%,38.2%,1991
1,Franco Davin,,174.1,36.2%,54.3%,35.3%,48.3%,1992
2,Michael Chang,,174.0,34.9%,57.1%,36.7%,45.3%,1992
3,Bart Wuyts,,171.4,35.2%,54.9%,34.8%,46.5%,1992
4,Tomas Carbonell,,169.7,35.3%,53.5%,34.2%,46.7%,1992
5,Andre Agassi,,169.0,30.2%,57.9%,33.7%,47.2%,1992
6,Renzo Furlan,,167.9,35.8%,53.3%,33.6%,45.2%,1992
7,Aaron Krickstein,,167.3,33.8%,55.5%,34.0%,44.0%,1992
8,Jordi Arrese,,165.2,33.9%,54.9%,32.9%,43.5%,1992
9,Francisco Roig,,164.6,35.2%,55.7%,34.4%,39.3%,1992
10,Guillermo Perez-Roldan,,163.7,36.0%,50.8%,31.0%,45.9%,1992
11,Jaime Oncins,,163.7,34.8%,53.5%,32.4%,43.0%,1992
12,Sergi Bruguera,,163.4,33.8%,52.1%,32.3%,45.2%,1992
13,Andrei Medvedev,,163.0,34.9%,51.5%,30.7%,45.9%,1992
14,Fabrice Santoro,,162.9,35.8%,51.7%,31.2%,44.2%,1992
15,Carlos Costa,,162.8,32.1%,56.8%,31.8%,42.1%,1992
16,Christian Bergstrom,,161.6,33.8%,53.1%,32.0%,42.7%,1992
17,Francisco Clavet,,160.5,32.2%,53.2%,29.9%,45.2%,1992
18,Petr Korda,,160.2,34.1%,53.0%,31.4%,41.7%,1992
19,Frederic Fontang,,159.2,34.9%,52.6%,32.0%,39.7%,1992
20,Jim Courier,,158.3,31.8%,54.5%,29.8%,42.2%,1992
21,Goran Prpic,,158.0,34.0%,52.5%,31.0%,40.5%,1992
22,MaliVai Washington,,157.1,33.1%,50.8%,28.8%,44.4%,1992
23,Thierry Champion,,156.6,31.8%,53.6%,28.4%,42.8%,1992
24,Karel Novacek,,156.6,33.3%,52.1%,29.9%,41.3%,1992
25,Jonas Svensson,,156.5,32.3%,53.2%,27.5%,43.5%,1992
26,Thomas Muster,,156.5,32.6%,52.9%,29.1%,41.9%,1992
27,Magnus Gustafsson,,156.3,35.7%,49.9%,29.4%,41.3%,1992
28,Wayne Ferreira,,155.2,32.2%,51.9%,27.5%,43.6%,1992
29,Brad Gilbert,,154.9,32.4%,51.3%,27.3%,43.9%,1992
30,Jimmy Connors,,154.8,31.2%,53.2%,28.5%,41.9%,1992
31,Andrei Chesnokov,,154.7,32.3%,52.0%,28.9%,41.5%,1992
32,Jaime Yzaga,,154.3,32.0%,51.7%,28.2%,42.4%,1992
33,Alexander Volkov,,153.8,30.1%,52.0%,26.6%,45.1%,1992
34,Ivan Lendl,,153.8,30.6%,53.3%,28.4%,41.5%,1992
35,Patrick McEnroe,,153.7,29.3%,54.6%,26.1%,43.7%,1992
36,Gabriel Markus,,153.0,30.0%,53.3%,24.6%,45.1%,1992
37,Emilio Sanchez,,152.9,33.8%,49.0%,27.3%,42.8%,1992
38,Stefan Edberg,,152.8,31.1%,53.5%,27.4%,40.8%,1992
39,Marcelo Filippini,,152.6,32.5%,51.9%,27.1%,41.1%,1992
40,Pete Sampras,,152.1,30.4%,51.7%,26.5%,43.5%,1992
41,Carl-Uwe Steeb,,152.1,31.0%,52.3%,26.1%,42.7%,1992
42,Gianluca Pozzi,,151.7,32.0%,51.2%,26.3%,42.2%,1992
43,John McEnroe,,151.1,30.2%,51.3%,26.6%,43.0%,1992
44,Henrik Holm,,150.7,31.8%,51.0%,25.1%,42.8%,1992
45,Jeff Tarango,,150.2,29.5%,51.9%,26.7%,42.1%,1992
46,Guillaume Raoux,,150.1,27.3%,53.9%,25.3%,43.6%,1992
47,Todd Martin,,149.7,30.1%,52.7%,26.5%,40.4%,1992
48,Mark Woodforde,,149.7,31.2%,51.9%,25.7%,40.9%,1992
49,Alberto Mancini,,149.6,28.9%,50.5%,24.1%,46.1%,1992
50,Horst Skoff,,149.3,32.4%,48.5%,26.2%,42.2%,1992
51,Nicklas Kulti,,148.3,32.2%,52.6%,26.3%,37.2%,1992
52,Todd Woodbridge,,147.4,30.5%,53.5%,25.7%,37.7%,1992
53,David Wheaton,,147.0,28.2%,53.9%,23.0%,41.9%,1992
54,Bernd Karbacher,,146.5,31.2%,50.3%,25.1%,39.9%,1992
55,Jakob Hlasek,,146.4,30.4%,52.7%,23.6%,39.7%,1992
56,Omar Camporese,,146.0,30.1%,50.2%,23.1%,42.6%,1992
57,Todd Witsken,,145.9,30.8%,51.2%,23.2%,40.7%,1992
58,Amos Mansdorf,,145.8,31.0%,50.0%,24.9%,39.9%,1992
59,Andrei Cherkasov,,145.5,28.2%,54.8%,24.2%,38.3%,1992
60,Michael Stich,,145.2,29.8%,49.1%,22.6%,43.7%,1992
61,Martin Jaite,,145.0,33.3%,48.8%,25.1%,37.8%,1992
62,Boris Becker,,144.9,29.5%,51.5%,24.2%,39.7%,1992
63,Arnaud Boetsch,,144.7,29.3%,50.6%,25.0%,39.8%,1992
64,Simon Youl,,144.6,29.4%,49.9%,24.8%,40.5%,1992
65,Richey Reneberg,,144.5,29.3%,52.0%,22.9%,40.3%,1992
66,Marc Rosset,,144.0,30.0%,48.8%,22.4%,42.8%,1992
67,Stefano Pescosolido,,143.6,29.6%,49.6%,23.1%,41.3%,1992
68,Cedric Pioline,,143.5,29.9%,49.8%,23.3%,40.5%,1992
69,Paul Haarhuis,,143.1,31.1%,49.5%,23.2%,39.3%,1992
70,Diego Nargiso,,143.0,31.1%,47.2%,21.6%,43.1%,1992
71,Javier Sanchez,,143.0,31.7%,48.8%,24.4%,38.1%,1992
72,Richard Fromberg,,142.7,31.0%,48.9%,23.8%,39.0%,1992
73,Rodolphe Gilbert,,142.0,28.7%,50.6%,22.7%,40.0%,1992
74,Lars Jonsson,,141.9,30.0%,50.2%,23.9%,37.8%,1992
75,Richard Krajicek,,140.8,30.4%,49.1%,21.8%,39.5%,1992
76,Luiz Mattar,,140.2,29.6%,48.1%,21.8%,40.7%,1992
77,Sandon Stolle,,139.8,28.1%,48.3%,22.2%,41.2%,1992
78,Wally Masur,,139.5,28.9%,49.6%,22.3%,38.7%,1992
79,Javier Frana,,139.5,29.6%,49.6%,21.2%,39.1%,1992
80,German Lopez,,139.3,27.6%,47.9%,19.5%,44.3%,1992
81,Christian Miniussi,,138.7,30.5%,48.3%,21.4%,38.5%,1992
82,Christo Van Rensburg,,137.9,29.4%,49.5%,22.7%,36.3%,1992
83,Patrik Kuhnen,,136.8,28.3%,49.0%,19.8%,39.7%,1992
84,Derrick Rostagno,,136.7,30.3%,48.9%,20.1%,37.4%,1992
85,Goran Ivanisevic,,136.6,26.6%,50.8%,20.4%,38.8%,1992
86,Shuzo Matsuoka,,134.9,27.5%,49.9%,20.0%,37.5%,1992
87,Magnus Larsson,,134.3,28.1%,48.2%,20.1%,37.9%,1992
88,Olivier Delaitre,,134.3,28.2%,46.4%,19.3%,40.4%,1992
89,Andrei Olhovskiy,,134.0,28.7%,50.0%,20.5%,34.8%,1992
90,Guy Forget,,133.3,27.5%,49.7%,20.2%,35.9%,1992
91,Patrick Baur,,133.1,31.0%,48.1%,18.9%,35.1%,1992
92,Jim Grabb,,132.1,30.0%,47.1%,19.4%,35.6%,1992
93,Jonathan Stark,,132.1,28.2%,45.4%,17.9%,40.6%,1992
94,Chris Pridham,,131.7,27.8%,49.3%,19.3%,35.3%,1992
95,Jan Siemerink,,126.6,27.6%,48.9%,16.5%,33.6%,1992
96,Jacco Eltingh,,123.8,26.1%,46.9%,15.3%,35.5%,1992
97,Michiel Schapers,,123.0,26.0%,47.4%,16.3%,33.3%,1992
98,Bryan Shelton,,120.0,24.2%,47.1%,13.2%,35.5%,1992
99,Markus Zoecke,,116.2,24.2%,45.7%,13.8%,32.5%,1992
1,Andre Agassi,,175.7,32.2%,59.9%,38.3%,45.3%,1993
2,Alberto Berasategui,,174.3,36.2%,55.8%,35.0%,47.3%,1993
3,Sergi Bruguera,,172.9,34.2%,55.4%,35.9%,47.4%,1993
4,Slava Dosedel,,172.3,37.6%,54.7%,35.1%,44.9%,1993
5,Franco Davin,,166.3,34.5%,53.6%,32.3%,45.9%,1993
6,Petr Korda,,166.0,32.8%,55.9%,32.3%,45.0%,1993
7,Thomas Muster,,165.8,32.3%,56.4%,33.2%,43.9%,1993
8,Michael Chang,,165.7,33.3%,55.2%,32.5%,44.7%,1993
9,Guillermo Perez-Roldan,,164.7,34.9%,53.6%,30.2%,46.0%,1993
10,Jordi Burillo,,164.4,35.6%,49.2%,30.9%,48.7%,1993
11,Horacio de la Pena,,163.6,32.8%,53.5%,30.5%,46.8%,1993
12,Carlos Costa,,163.5,31.8%,55.6%,31.8%,44.3%,1993
13,Andrei Chesnokov,,163.2,33.8%,52.4%,31.9%,45.1%,1993
14,Byron Black,,161.9,29.9%,56.1%,29.5%,46.4%,1993
15,Francisco Clavet,,160.3,32.5%,52.9%,29.8%,45.1%,1993
16,Fabrice Santoro,,160.0,33.4%,51.9%,29.8%,44.9%,1993
17,Marcos Ondruska,,159.9,34.2%,51.8%,29.0%,44.9%,1993
18,Richey Reneberg,,159.8,30.7%,55.3%,30.1%,43.7%,1993
19,Stefan Edberg,,159.8,33.4%,53.1%,30.7%,42.6%,1993
20,Jordi Arrese,,159.7,33.5%,53.3%,29.2%,43.7%,1993
21,Tomas Carbonell,,159.7,34.7%,53.6%,30.2%,41.2%,1993
22,Horst Skoff,,159.1,32.5%,53.9%,28.8%,43.9%,1993
23,Jonas Svensson,,158.0,33.3%,52.2%,29.0%,43.5%,1993
24,Mikael Pernfors,,157.9,31.0%,52.1%,29.3%,45.5%,1993
25,Magnus Gustafsson,,157.4,35.0%,49.7%,30.0%,42.7%,1993
26,Aaron Krickstein,,157.1,31.1%,54.5%,30.6%,40.9%,1993
27,Patrick McEnroe,,157.0,30.7%,54.8%,28.1%,43.4%,1993
28,Jim Courier,,156.8,32.2%,53.5%,29.1%,42.0%,1993
29,Alex Corretja,,156.6,34.1%,49.9%,29.7%,42.9%,1993
30,Jaime Yzaga,,156.2,31.8%,53.0%,28.8%,42.6%,1993
31,Jaime Oncins,,155.9,33.2%,52.9%,28.1%,41.7%,1993
32,Renzo Furlan,,155.6,32.9%,50.6%,28.4%,43.7%,1993
33,Todd Woodbridge,,155.2,33.1%,51.6%,27.4%,43.1%,1993
34,Pete Sampras,,155.2,30.4%,54.0%,27.7%,43.1%,1993
35,Javier Sanchez,,154.8,35.4%,50.7%,28.9%,39.8%,1993
36,Gilbert Schaller,,153.1,29.5%,52.9%,27.3%,43.4%,1993
37,Andrei Medvedev,,153.0,31.0%,53.1%,26.6%,42.3%,1993
38,Ronald Agenor,,152.8,31.3%,52.8%,27.1%,41.6%,1993
39,Anders Jarryd,,152.8,31.3%,54.0%,28.5%,39.0%,1993
40,Arnaud Boetsch,,152.6,30.3%,53.5%,27.3%,41.5%,1993
41,Alexander Volkov,,152.5,30.1%,52.6%,26.9%,42.9%,1993
42,Amos Mansdorf,,151.6,29.1%,52.8%,26.5%,43.2%,1993
43,Todd Martin,,151.4,29.5%,52.2%,24.9%,44.8%,1993
44,David Wheaton,,151.3,28.1%,54.4%,26.0%,42.8%,1993
45,Christian Bergstrom,,151.0,30.8%,51.5%,25.4%,43.3%,1993
46,Andrei Cherkasov,,150.7,28.5%,53.5%,26.4%,42.3%,1993
47,Gabriel Markus,,150.7,31.0%,55.2%,27.4%,37.1%,1993
48,Ivan Lendl,,150.4,32.1%,50.9%,26.8%,40.6%,1993
49,Marcelo Filippini,,150.4,32.8%,50.2%,26.5%,40.9%,1993
50,Jeff Tarango,,150.0,30.7%,49.7%,27.2%,42.4%,1993
51,Mark Woodforde,,149.6,31.0%,51.8%,25.9%,40.9%,1993
52,Derrick Rostagno,,149.1,31.7%,53.0%,25.8%,38.6%,1993
53,Brad Gilbert,,148.4,32.0%,50.7%,24.5%,41.2%,1993
54,Thomas Enqvist,,148.0,28.8%,55.1%,25.8%,38.3%,1993
55,Karel Novacek,,147.2,31.0%,51.8%,26.2%,38.2%,1993
56,Wayne Ferreira,,147.0,29.7%,52.1%,25.5%,39.7%,1993
57,David Prinosil,,146.5,30.6%,52.7%,24.7%,38.5%,1993
58,Jason Stoltenberg,,146.0,29.5%,50.8%,24.0%,41.7%,1993
59,Carl-Uwe Steeb,,145.3,29.4%,49.5%,24.5%,41.9%,1993
60,Guillaume Raoux,,145.1,29.3%,50.7%,24.0%,41.1%,1993
61,Claudio Mezzadri,,144.4,31.8%,49.6%,24.2%,38.8%,1993
62,MaliVai Washington,,144.2,30.0%,51.3%,24.5%,38.4%,1993
63,Paul Haarhuis,,144.2,28.8%,50.6%,24.3%,40.5%,1993
64,Cedric Pioline,,144.1,29.5%,51.6%,25.2%,37.8%,1993
65,Brett Steven,,144.0,30.2%,52.1%,24.4%,37.3%,1993
66,Boris Becker,,143.7,29.0%,52.6%,23.6%,38.5%,1993
67,Goran Ivanisevic,,143.7,28.5%,49.4%,21.9%,43.9%,1993
68,Javier Frana,,143.0,30.2%,51.6%,22.6%,38.6%,1993
69,Bernd Karbacher,,142.3,28.0%,50.5%,22.5%,41.3%,1993
70,Olivier Delaitre,,142.1,30.9%,48.3%,23.9%,39.0%,1993
71,Marc-Kevin Goellner,,142.0,27.1%,50.3%,22.3%,42.3%,1993
72,Marc Rosset,,142.0,28.7%,51.0%,23.2%,39.1%,1993
73,Michael Stich,,141.2,29.4%,50.0%,22.5%,39.3%,1993
74,Emilio Sanchez,,140.8,31.4%,49.0%,23.0%,37.4%,1993
75,Alex O'Brien,,140.4,28.3%,50.9%,23.4%,37.8%,1993
76,Robbie Weiss,,140.3,26.1%,51.8%,22.3%,40.1%,1993
77,Jonathan Stark,,140.3,28.8%,48.7%,21.4%,41.4%,1993
78,Younes El Aynaoui,,140.0,30.3%,48.0%,22.8%,38.9%,1993
79,Rodolphe Gilbert,,139.8,29.7%,48.6%,23.1%,38.4%,1993
80,Wally Masur,,139.6,29.4%,48.8%,21.5%,39.9%,1993
81,Chuck Adams,,139.3,30.0%,49.0%,22.1%,38.2%,1993
82,Nicklas Kulti,,136.4,29.0%,49.5%,21.3%,36.6%,1993
83,Marcos Aurelio Gorriz,,136.4,29.2%,49.7%,20.7%,36.8%,1993
84,Andrei Olhovskiy,,136.2,28.0%,51.0%,20.8%,36.4%,1993
85,Patrik Kuhnen,,135.8,26.3%,49.5%,20.0%,40.0%,1993
86,Magnus Larsson,,135.8,29.0%,49.5%,19.8%,37.5%,1993
87,Richard Krajicek,,135.7,29.7%,48.4%,20.1%,37.5%,1993
88,Jakob Hlasek,,135.4,30.3%,48.0%,20.9%,36.2%,1993
89,Alberto Mancini,,135.4,27.2%,51.5%,19.6%,37.1%,1993
90,Jan Siemerink,,134.8,27.4%,50.6%,19.5%,37.3%,1993
91,Richard Fromberg,,134.1,26.6%,49.7%,19.1%,38.7%,1993
92,Bryan Shelton,,134.1,29.4%,49.1%,18.9%,36.7%,1993
93,Henrik Holm,,134.1,30.8%,46.7%,20.5%,36.1%,1993
94,Luiz Mattar,,134.0,27.4%,48.0%,19.8%,38.8%,1993
95,Gianluca Pozzi,,133.1,27.4%,47.9%,19.1%,38.7%,1993
96,Alex Antonitsch,,131.4,27.6%,47.1%,19.5%,37.2%,1993
97,Diego Nargiso,,127.8,28.4%,46.2%,16.9%,36.3%,1993
98,Kenneth Carlsen,,127.0,27.4%,47.5%,17.5%,34.6%,1993
99,Martin Damm,,126.2,26.3%,48.6%,19.4%,31.9%,1993
100,Jacco Eltingh,,126.0,23.1%,48.5%,16.6%,37.8%,1993
101,Stephane Simian,,125.8,23.8%,46.0%,15.7%,40.3%,1993
102,Jamie Morgan,,123.4,26.6%,47.2%,17.4%,32.2%,1993
103,Daniel Vacek,,122.9,23.7%,44.6%,15.4%,39.2%,1993
1,Thomas Muster,,176.3,33.7%,57.3%,35.9%,49.4%,1995
2,Bohdan Ulihrach,,173.9,35.9%,54.1%,35.9%,48.0%,1995
3,Andre Agassi,,172.5,32.1%,59.7%,35.7%,45.0%,1995
4,Tomas Carbonell,,167.0,34.6%,54.8%,30.9%,46.7%,1995
5,Francisco Clavet,,166.6,33.7%,56.4%,33.5%,43.0%,1995
6,Gilbert Schaller,,166.5,33.5%,55.5%,33.6%,43.9%,1995
7,Sergi Bruguera,,165.9,33.4%,55.0%,32.6%,44.9%,1995
8,Michael Chang,,164.8,32.0%,57.5%,31.9%,43.4%,1995
9,Slava Dosedel,,164.1,32.8%,56.0%,31.4%,43.9%,1995
10,Fernando Meligeni,,163.6,32.5%,53.1%,30.9%,47.1%,1995
11,Thomas Enqvist,,162.5,31.6%,55.4%,32.2%,43.3%,1995
12,Carlos Costa,,161.0,34.3%,53.3%,31.8%,41.6%,1995
13,Alberto Berasategui,,160.9,31.5%,55.1%,29.9%,44.4%,1995
14,Christian Ruud,,160.1,33.2%,54.5%,30.0%,42.4%,1995
15,Stefan Edberg,,159.5,32.7%,53.3%,30.2%,43.3%,1995
16,Yevgeny Kafelnikov,,159.1,31.2%,53.8%,30.0%,44.1%,1995
17,Alex Corretja,,158.9,32.8%,52.5%,29.6%,44.0%,1995
18,Jordi Arrese,,158.2,32.5%,54.5%,29.7%,41.5%,1995
19,Hernan Gumy,,158.2,34.9%,51.1%,29.8%,42.4%,1995
20,Andrei Medvedev,,158.1,33.5%,52.1%,29.7%,42.8%,1995
21,Vincent Spadea,,157.3,32.6%,53.9%,28.9%,41.9%,1995
22,Mats Wilander,,156.6,29.1%,54.0%,27.7%,45.8%,1995
23,Marcelo Rios,,155.8,32.9%,52.7%,28.5%,41.7%,1995
24,Jordi Burillo,,155.0,32.3%,51.5%,28.3%,42.9%,1995
25,Marcos Ondruska,,154.9,30.8%,52.1%,26.4%,45.6%,1995
26,Albert Costa,,154.8,31.0%,53.7%,28.8%,41.3%,1995
27,Jonas Bjorkman,,154.6,32.6%,54.3%,29.2%,38.5%,1995
28,Javier Sanchez,,154.4,31.8%,52.3%,28.4%,41.9%,1995
29,Marcelo Filippini,,154.2,32.4%,52.5%,26.8%,42.5%,1995
30,Wayne Ferreira,,153.8,31.5%,52.5%,27.9%,41.9%,1995
31,Andrea Gaudenzi,,153.0,31.7%,53.1%,27.9%,40.3%,1995
32,Jason Stoltenberg,,151.9,33.3%,51.3%,27.9%,39.4%,1995
33,Jim Courier,,151.0,27.7%,53.5%,25.4%,44.4%,1995
34,Renzo Furlan,,150.5,30.5%,51.8%,26.4%,41.8%,1995
35,Pete Sampras,,150.5,29.0%,53.2%,25.9%,42.4%,1995
36,Andrei Chesnokov,,150.3,31.2%,51.8%,27.1%,40.2%,1995
37,MaliVai Washington,,149.8,30.7%,50.8%,25.7%,42.6%,1995
38,Petr Korda,,149.6,31.0%,53.3%,25.8%,39.5%,1995
39,Aaron Krickstein,,149.2,25.4%,55.1%,24.1%,44.6%,1995
40,Patrick McEnroe,,148.9,25.1%,56.9%,24.8%,42.1%,1995
41,Javier Frana,,148.8,26.9%,52.9%,25.0%,44.0%,1995
42,Fabrice Santoro,,148.5,31.1%,53.2%,26.2%,38.0%,1995
43,Jaime Yzaga,,148.3,30.6%,50.8%,25.5%,41.4%,1995
44,Brett Steven,,148.2,29.6%,51.4%,23.8%,43.4%,1995
45,Bernd Karbacher,,148.1,30.7%,51.4%,25.9%,40.1%,1995
46,Arnaud Boetsch,,147.3,29.7%,53.7%,26.0%,37.9%,1995
47,Sjeng Schalken,,147.2,31.9%,50.8%,25.3%,39.2%,1995
48,Michael Stich,,146.8,31.7%,50.3%,25.2%,39.6%,1995
49,Karol Kucera,,146.3,32.6%,51.7%,25.8%,36.2%,1995
50,Stefano Pescosolido,,145.5,29.7%,50.7%,25.9%,39.2%,1995
51,Mark Woodforde,,145.4,31.3%,52.8%,25.9%,35.4%,1995
52,Jakob Hlasek,,144.9,28.7%,51.2%,23.9%,41.1%,1995
53,Adrian Voinea,,144.7,29.0%,52.6%,23.6%,39.5%,1995
54,Alexander Volkov,,144.4,27.3%,52.2%,24.5%,40.4%,1995
55,Byron Black,,144.3,23.8%,56.2%,23.3%,41.0%,1995
56,Todd Woodbridge,,143.7,30.1%,50.8%,24.2%,38.6%,1995
57,Emilio Sanchez,,143.3,31.4%,49.0%,23.2%,39.7%,1995
58,Jeff Tarango,,142.7,26.1%,54.3%,21.7%,40.6%,1995
59,Richard Fromberg,,142.1,29.9%,47.8%,23.2%,41.2%,1995
60,Magnus Larsson,,141.8,29.1%,49.2%,22.9%,40.6%,1995
61,Todd Martin,,141.8,27.5%,52.4%,22.2%,39.7%,1995
62,David Wheaton,,141.3,28.0%,51.6%,22.5%,39.2%,1995
63,David Prinosil,,140.7,29.3%,50.3%,21.5%,39.6%,1995
64,Paul Haarhuis,,140.5,27.6%,49.7%,21.9%,41.3%,1995
65,Richey Reneberg,,139.7,29.1%,50.6%,23.3%,36.7%,1995
66,Boris Becker,,139.6,27.6%,52.0%,22.1%,37.9%,1995
67,Jared Palmer,,139.5,25.7%,52.7%,21.6%,39.5%,1995
68,Jan Apell,,139.4,23.4%,52.2%,20.5%,43.3%,1995
69,Goran Ivanisevic,,139.2,26.6%,49.8%,19.8%,43.0%,1995
70,Marc Rosset,,138.4,28.2%,49.9%,21.5%,38.8%,1995
71,Cedric Pioline,,138.2,30.4%,48.4%,21.7%,37.7%,1995
72,Henrik Holm,,138.1,29.0%,47.3%,20.6%,41.2%,1995
73,Hendrik Dreekmann,,137.7,27.7%,50.6%,22.3%,37.1%,1995
74,Olivier Delaitre,,136.6,27.2%,48.8%,20.7%,39.9%,1995
75,Patrick Rafter,,135.6,27.3%,50.3%,20.4%,37.6%,1995
76,Martin Sinner,,135.3,26.5%,50.7%,20.8%,37.3%,1995
77,Kenneth Carlsen,,134.5,25.4%,48.8%,17.4%,42.9%,1995
78,Jeremy Bates,,134.2,26.1%,51.5%,20.1%,36.5%,1995
79,Richard Krajicek,,133.9,26.6%,50.6%,19.9%,36.8%,1995
80,Guillaume Raoux,,133.7,25.3%,50.4%,19.4%,38.6%,1995
81,Mark Philippoussis,,133.4,26.7%,47.8%,19.7%,39.2%,1995
82,Lionel Roux,,133.2,27.2%,45.2%,18.2%,42.6%,1995
83,Gianluca Pozzi,,132.6,26.6%,52.8%,20.0%,33.2%,1995
84,Marc-Kevin Goellner,,132.1,26.8%,48.2%,18.6%,38.5%,1995
85,Jan Siemerink,,131.7,29.0%,47.3%,19.0%,36.4%,1995
86,Jacco Eltingh,,131.2,27.3%,46.2%,18.3%,39.4%,1995
87,Greg Rusedski,,131.1,24.7%,50.1%,17.4%,38.9%,1995
88,Daniel Vacek,,128.8,26.6%,48.1%,17.9%,36.2%,1995
89,Karel Novacek,,128.1,26.9%,47.1%,16.9%,37.2%,1995
90,Anders Jarryd,,127.8,26.9%,45.4%,18.4%,37.1%,1995
91,Andrei Olhovskiy,,127.3,27.1%,50.0%,18.2%,32.0%,1995
92,Guy Forget,,126.8,26.1%,46.8%,17.4%,36.5%,1995
93,Bryan Shelton,,126.1,26.4%,51.5%,15.9%,32.3%,1995
94,Nicolas Pereira,,123.8,26.4%,46.9%,16.5%,34.0%,1995
95,Shuzo Matsuoka,,123.0,24.9%,47.7%,15.5%,34.9%,1995
96,Michael Tebbutt,,122.3,26.0%,47.7%,16.1%,32.5%,1995
97,Martin Damm,,121.7,24.6%,46.7%,16.6%,33.8%,1995
98,Jonathan Stark,,121.1,25.3%,47.9%,16.9%,31.0%,1995
1,David Ferrer,,176.3,34.6%,57.1%,36.1%,48.5%,2007
2,Rafael Nadal,,166.2,34.5%,54.5%,33.0%,44.2%,2007
3,Juan Monaco,,165.0,32.4%,54.2%,30.7%,47.7%,2007
4,Filippo Volandri,,164.8,33.4%,51.7%,31.2%,48.5%,2007
5,Nikolay Davydenko,,163.2,34.6%,53.7%,31.1%,43.8%,2007
6,Gilles Simon,,161.2,32.2%,53.1%,28.8%,47.1%,2007
7,Tommy Robredo,,160.8,32.4%,52.9%,29.1%,46.4%,2007
8,Andy Murray,,160.1,34.0%,54.5%,31.8%,39.8%,2007
9,Lleyton Hewitt,,158.1,30.2%,52.7%,27.2%,48.0%,2007
10,Guillermo Canas,,158.0,33.0%,51.4%,28.2%,45.4%,2007
11,Richard Gasquet,,157.0,33.0%,50.3%,28.4%,45.3%,2007
12,Novak Djokovic,,156.0,32.0%,53.0%,28.2%,42.8%,2007
13,Roger Federer,,155.5,33.9%,52.4%,28.6%,40.6%,2007
14,Juan Martin del Potro,,152.7,30.4%,50.7%,25.6%,46.0%,2007
15,Marcos Baghdatis,,152.5,31.5%,50.7%,26.1%,44.2%,2007
16,Jarkko Nieminen,,151.9,31.3%,53.7%,27.1%,39.8%,2007
17,Paul-Henri Mathieu,,151.8,31.0%,53.0%,26.5%,41.3%,2007
18,Mikhail Youzhny,,151.8,31.4%,51.3%,27.3%,41.8%,2007
19,David Nalbandian,,151.6,28.9%,55.0%,26.3%,41.4%,2007
20,Robin Soderling,,151.6,32.1%,50.3%,25.5%,43.7%,2007
21,Juan Ignacio Chela,,151.2,33.0%,51.5%,27.1%,39.6%,2007
22,James Blake,,150.1,28.9%,53.6%,25.0%,42.6%,2007
23,Andreas Seppi,,149.8,29.1%,51.1%,24.1%,45.5%,2007
24,Jonas Bjorkman,,148.6,31.4%,51.5%,25.5%,40.2%,2007
25,Martin Vassallo Arguello,,147.7,31.3%,51.2%,25.0%,40.2%,2007
26,Juan Carlos Ferrero,,147.6,30.6%,51.2%,25.5%,40.3%,2007
27,Tommy Haas,,147.6,29.4%,51.1%,25.0%,42.1%,2007
28,Tomas Berdych,,147.1,27.8%,52.3%,24.0%,43.0%,2007
29,Florian Mayer,,147.0,29.4%,51.0%,25.3%,41.3%,2007
30,Sebastien Grosjean,,146.9,29.9%,50.6%,24.2%,42.2%,2007
31,Fernando Verdasco,,145.6,31.2%,49.6%,24.2%,40.6%,2007
32,Sergio Roitman,,145.2,29.3%,50.3%,23.3%,42.3%,2007
33,Fabrice Santoro,,145.2,29.9%,49.0%,22.7%,43.6%,2007
34,Nicolas Almagro,,145.0,30.6%,49.7%,24.5%,40.2%,2007
35,Robby Ginepri,,144.9,29.7%,50.6%,22.8%,41.8%,2007
36,Jose Acasuso,,144.8,29.7%,51.1%,24.2%,39.8%,2007
37,Fernando Gonzalez,,144.8,28.6%,51.8%,22.5%,41.9%,2007
38,Guillermo Garcia-Lopez,,144.8,31.5%,48.2%,23.3%,41.8%,2007
39,Agustin Calleri,,144.4,31.4%,49.8%,23.2%,40.0%,2007
40,Stefan Koubek,,144.1,29.6%,49.1%,22.6%,42.8%,2007
41,Carlos Moya,,144.0,31.4%,49.0%,23.6%,40.0%,2007
42,Vincent Spadea,,143.9,29.2%,51.6%,23.6%,39.5%,2007
43,Igor Andreev,,142.9,30.6%,49.6%,22.9%,39.8%,2007
44,Philipp Kohlschreiber,,141.9,29.8%,50.9%,22.6%,38.6%,2007
45,Radek Stepanek,,141.5,29.0%,48.1%,22.4%,42.0%,2007
46,Stan Wawrinka,,141.1,29.8%,49.5%,22.9%,38.9%,2007
47,Luis Horna,,141.0,29.6%,48.0%,22.5%,40.9%,2007
48,Olivier Rochus,,140.8,26.3%,52.4%,20.9%,41.2%,2007
49,Igor Kunitsyn,,140.7,28.7%,50.2%,21.9%,39.9%,2007
50,Julien Benneteau,,140.0,29.8%,48.7%,23.0%,38.5%,2007
51,Nicolas Massu,,139.9,29.3%,49.2%,22.7%,38.7%,2007
52,Dominik Hrbaty,,139.8,30.2%,51.1%,23.3%,35.2%,2007
53,Evgeny Korolev,,139.1,27.9%,48.8%,20.4%,42.0%,2007
54,Jurgen Melzer,,138.9,30.0%,47.1%,22.5%,39.3%,2007
55,Diego Hartfield,,138.7,30.5%,49.0%,21.8%,37.4%,2007
56,Potito Starace,,138.5,29.5%,47.8%,21.6%,39.6%,2007
57,Nicolas Kiefer,,137.7,31.5%,47.8%,22.4%,36.0%,2007
58,Kristof Vliegen,,136.4,28.0%,47.9%,19.5%,41.0%,2007
59,Dmitry Tursunov,,135.7,27.9%,49.3%,19.7%,38.8%,2007
60,Mardy Fish,,133.8,25.7%,48.9%,19.2%,40.0%,2007
61,Albert Montanes,,132.8,28.0%,48.4%,20.3%,36.1%,2007
62,Janko Tipsarevic,,132.4,24.4%,49.5%,18.3%,40.2%,2007
63,Marat Safin,,132.3,28.1%,46.7%,20.3%,37.2%,2007
64,Marc Gicquel,,131.5,26.9%,47.9%,18.3%,38.4%,2007
65,Hyung-Taik Lee,,130.9,28.4%,49.5%,20.5%,32.5%,2007
66,Gael Monfils,,130.5,30.6%,44.7%,19.6%,35.6%,2007
67,Nicolas Mahut,,130.0,25.7%,48.0%,17.6%,38.7%,2007
68,Andy Roddick,,129.1,24.8%,47.9%,17.8%,38.6%,2007
69,Sam Querrey,,126.9,27.2%,44.0%,16.8%,38.9%,2007
70,Frank Dancevic,,126.5,27.6%,45.3%,17.5%,36.1%,2007
71,Arnaud Clement,,126.2,25.3%,48.7%,17.5%,34.7%,2007
72,Michael Llodra,,126.1,27.3%,46.3%,17.7%,34.8%,2007
73,Thomas Johansson,,125.8,22.7%,47.0%,15.7%,40.4%,2007
74,Teymuraz Gabashvili,,125.2,24.7%,46.1%,14.6%,39.8%,2007
75,Florent Serra,,124.0,25.6%,45.3%,16.1%,37.0%,2007
76,Ivan Ljubicic,,122.5,26.9%,46.4%,15.9%,33.3%,2007
77,Feliciano Lopez,,121.8,25.4%,44.3%,14.5%,37.6%,2007
78,Amer Delic,,115.9,23.1%,44.9%,13.8%,34.1%,2007
79,Benjamin Becker,,111.0,23.9%,46.4%,12.7%,28.0%,2007
80,Ivo Karlovic,,103.6,22.2%,41.5%,9.8%,30.1%,2007
1,David Nalbandian,,168.0,33.4%,56.2%,32.0%,46.4%,2010
2,Juan Carlos Ferrero,,166.2,33.6%,54.5%,32.0%,46.1%,2010
3,Novak Djokovic,,165.0,33.8%,54.4%,32.2%,44.6%,2010
4,Juan Ignacio Chela,,164.7,35.4%,51.7%,32.2%,45.4%,2010
5,Lleyton Hewitt,,164.1,32.4%,54.1%,28.9%,48.7%,2010
6,David Ferrer,,162.5,33.1%,54.2%,31.2%,44.0%,2010
7,Andy Murray,,159.8,32.2%,55.2%,30.2%,42.2%,2010
8,Rafael Nadal,,159.2,30.9%,55.4%,29.3%,43.6%,2010
9,Daniel Evans,,158.9,39.3%,52.4%,30.8%,36.4%,2010
10,Nikolay Davydenko,,157.4,32.0%,53.3%,28.6%,43.5%,2010
11,Juan Monaco,,155.0,34.6%,50.3%,27.9%,42.2%,2010
12,Mikhail Youzhny,,153.3,29.5%,52.3%,27.4%,44.1%,2010
13,Fernando Verdasco,,153.2,31.8%,52.9%,27.1%,41.4%,2010
14,Marcel Granollers,,152.7,32.5%,50.6%,26.7%,42.9%,2010
15,Roger Federer,,152.6,33.8%,50.6%,27.2%,41.0%,2010
16,Viktor Troicki,,152.4,32.1%,50.3%,26.6%,43.4%,2010
17,Robin Soderling,,150.1,29.8%,51.6%,25.1%,43.6%,2010
18,Dudi Sela,,149.5,30.3%,50.6%,23.5%,45.1%,2010
19,Evgeny Korolev,,149.0,30.5%,49.2%,25.3%,44.0%,2010
20,Tomas Berdych,,148.8,30.9%,51.7%,24.2%,42.0%,2010
21,Albert Montanes,,148.6,29.5%,51.3%,24.5%,43.3%,2010
22,Stan Wawrinka,,147.8,32.0%,50.2%,24.8%,40.8%,2010
23,Fabio Fognini,,147.6,31.1%,52.1%,24.7%,39.7%,2010
24,Mardy Fish,,147.0,29.0%,50.8%,23.2%,44.0%,2010
25,Thomaz Bellucci,,146.8,29.9%,51.4%,24.0%,41.5%,2010
26,Olivier Rochus,,146.7,28.7%,53.4%,24.3%,40.3%,2010
27,Philipp Kohlschreiber,,146.2,30.7%,50.0%,24.8%,40.7%,2010
28,Illya Marchenko,,145.4,30.1%,51.9%,23.9%,39.5%,2010
29,Lukasz Kubot,,145.3,29.6%,49.7%,23.0%,43.0%,2010
30,Potito Starace,,144.9,30.7%,49.2%,23.7%,41.3%,2010
31,Marin Cilic,,144.4,29.5%,50.3%,23.8%,40.8%,2010
32,Jurgen Melzer,,143.6,29.8%,49.4%,23.9%,40.5%,2010
33,Marcos Baghdatis,,143.4,31.1%,50.3%,23.9%,38.1%,2010
34,Julien Benneteau,,143.1,27.3%,52.0%,23.0%,40.8%,2010
35,Guillermo Garcia-Lopez,,142.9,29.2%,51.5%,23.1%,39.1%,2010
36,Andreas Seppi,,141.7,31.2%,49.4%,22.8%,38.3%,2010
37,Richard Gasquet,,141.4,29.4%,49.8%,23.1%,39.1%,2010
38,Michael Russell,,141.4,27.5%,51.8%,21.7%,40.4%,2010
39,Philipp Petzschner,,141.1,27.8%,49.9%,21.1%,42.3%,2010
40,Gael Monfils,,140.4,30.6%,49.2%,22.9%,37.7%,2010
41,Radek Stepanek,,140.4,27.4%,51.0%,20.8%,41.2%,2010
42,Igor Andreev,,139.9,30.0%,47.5%,22.3%,40.1%,2010
43,Jo-Wilfried Tsonga,,139.9,29.2%,46.9%,21.0%,42.8%,2010
44,Florent Serra,,138.9,28.6%,49.3%,20.8%,40.2%,2010
45,Michael Llodra,,138.8,28.0%,46.1%,19.3%,45.4%,2010
46,Jarkko Nieminen,,138.7,28.6%,49.9%,22.3%,37.9%,2010
47,Florian Mayer,,138.5,28.7%,49.8%,21.8%,38.2%,2010
48,Pablo Cuevas,,138.4,32.7%,47.6%,21.7%,36.4%,2010
49,Andrey Golubev,,138.4,28.7%,46.6%,21.0%,42.1%,2010
50,Gilles Simon,,137.8,26.1%,53.3%,20.8%,37.6%,2010
51,Nicolas Almagro,,137.5,28.7%,48.7%,20.8%,39.3%,2010
52,Denis Istomin,,137.4,28.2%,48.4%,21.2%,39.6%,2010
53,Tommy Robredo,,137.0,27.3%,50.4%,20.3%,39.0%,2010
54,Benjamin Becker,,137.0,28.4%,46.9%,20.3%,41.4%,2010
55,Xavier Malisse,,136.7,29.8%,46.9%,19.9%,40.1%,2010
56,Alejandro Falla,,136.1,28.5%,49.6%,21.1%,36.9%,2010
57,Jan Hajek,,135.9,26.8%,51.5%,21.8%,35.8%,2010
58,Sam Querrey,,135.1,26.8%,48.4%,20.0%,39.9%,2010
59,Janko Tipsarevic,,134.6,26.6%,50.2%,20.3%,37.5%,2010
60,Simon Greul,,134.5,27.4%,45.8%,18.9%,42.4%,2010
61,Mischa Zverev,,134.0,28.6%,47.8%,19.5%,38.1%,2010
62,Thiemo de Bakker,,133.9,27.7%,47.4%,19.1%,39.7%,2010
63,Paul-Henri Mathieu,,133.6,26.0%,47.5%,18.5%,41.6%,2010
64,Sergiy Stakhovsky,,132.7,28.2%,49.7%,19.3%,35.5%,2010
65,Ivan Ljubicic,,132.5,29.0%,47.7%,19.2%,36.6%,2010
66,Jeremy Chardy,,132.4,28.7%,46.7%,19.3%,37.7%,2010
67,Taylor Dent,,131.9,26.9%,46.2%,17.0%,41.8%,2010
68,Arnaud Clement,,131.2,26.3%,49.0%,18.6%,37.3%,2010
69,Alexandr Dolgopolov,,129.9,29.3%,46.2%,19.0%,35.4%,2010
70,James Blake,,129.0,26.3%,49.5%,19.1%,34.1%,2010
71,Ernests Gulbis,,129.0,28.7%,49.9%,19.1%,31.3%,2010
72,Michael Berrer,,128.8,25.4%,47.1%,16.6%,39.7%,2010
73,Victor Hanescu,,128.8,27.6%,47.7%,17.8%,35.7%,2010
74,Santiago Giraldo,,128.3,27.1%,48.7%,18.5%,34.0%,2010
75,Yen-Hsun Lu,,127.8,26.3%,49.3%,17.3%,34.9%,2010
76,Lukas Lacko,,127.0,27.5%,47.0%,17.3%,35.2%,2010
77,Andy Roddick,,126.8,25.1%,49.1%,17.6%,35.0%,2010
78,Marco Chiudinelli,,125.9,26.1%,46.8%,17.0%,36.0%,2010
79,Kevin Anderson,,125.6,25.2%,46.7%,16.7%,37.0%,2010
80,Eduardo Schwank,,125.2,27.9%,48.4%,17.5%,31.4%,2010
81,Adrian Mannarino,,124.7,24.8%,49.7%,15.1%,35.1%,2010
82,Grigor Dimitrov,,123.9,21.5%,45.0%,17.4%,40.0%,2010
83,Leonardo Mayer,,121.7,25.1%,45.4%,15.3%,35.9%,2010
84,Feliciano Lopez,,121.6,25.9%,43.2%,16.1%,36.4%,2010
85,Daniel Gimeno-Traver,,121.5,27.2%,44.9%,16.6%,32.8%,2010
86,Horacio Zeballos,,118.1,25.5%,43.8%,14.6%,34.2%,2010
87,Peter Luczak,,110.5,24.7%,44.1%,11.3%,30.4%,2010
88,John Isner,,108.6,22.0%,42.0%,11.4%,33.2%,2010
89,Dusan Lajovic,,100.5,28.6%,33.3%,10.0%,28.6%,2010
1,Novak Djokovic,,180.3,35.7%,57.5%,38.8%,48.3%,2011
2,Andy Murray,,175.0,37.1%,56.0%,36.1%,45.8%,2011
3,Rafael Nadal,,171.9,34.2%,56.7%,34.5%,46.5%,2011
4,David Ferrer,,166.8,32.6%,55.7%,32.7%,45.8%,2011
5,Juan Ignacio Chela,,165.8,34.5%,53.9%,31.6%,45.8%,2011
6,Filippo Volandri,,161.7,32.6%,53.4%,31.1%,44.6%,2011
7,Fabio Fognini,,158.1,32.9%,50.2%,29.0%,46.0%,2011
8,Gilles Simon,,157.7,32.0%,53.6%,28.3%,43.8%,2011
9,Nikolay Davydenko,,157.7,33.6%,52.5%,28.7%,42.9%,2011
10,Florian Mayer,,157.5,31.0%,53.2%,27.7%,45.6%,2011
11,Tomas Berdych,,156.9,31.2%,53.0%,28.0%,44.7%,2011
12,Robin Soderling,,156.6,31.4%,52.1%,27.5%,45.6%,2011
13,Juan Monaco,,156.5,34.1%,51.1%,29.2%,42.1%,2011
14,Janko Tipsarevic,,156.2,30.6%,54.5%,28.1%,43.0%,2011
15,Pablo Andujar,,154.7,31.9%,50.5%,27.7%,44.6%,2011
16,Xavier Malisse,,154.6,30.8%,49.9%,25.4%,48.5%,2011
17,Roger Federer,,153.9,33.0%,51.3%,28.1%,41.5%,2011
18,Viktor Troicki,,153.8,34.2%,49.5%,27.8%,42.3%,2011
19,Juan Martin del Potro,,152.6,30.3%,51.5%,25.8%,45.0%,2011
20,Robin Haase,,152.3,30.8%,51.6%,26.2%,43.7%,2011
21,Ryan Sweeting,,151.2,28.2%,51.7%,24.3%,47.0%,2011
22,Lukasz Kubot,,151.0,30.9%,48.3%,24.2%,47.6%,2011
23,Tommy Robredo,,150.4,30.1%,53.3%,26.7%,40.3%,2011
24,Richard Gasquet,,150.3,32.2%,50.1%,26.0%,42.0%,2011
25,Daniel Evans,,149.9,25.6%,52.1%,22.2%,50.0%,2011
26,Donald Young,,149.9,32.4%,49.2%,24.9%,43.4%,2011
27,Juan Carlos Ferrero,,149.6,32.1%,50.1%,26.0%,41.4%,2011
28,Santiago Giraldo,,148.8,29.8%,49.8%,24.4%,44.8%,2011
29,Marcel Granollers,,148.6,31.8%,49.2%,25.4%,42.2%,2011
30,Gael Monfils,,148.3,33.2%,49.4%,25.0%,40.7%,2011
31,Fernando Verdasco,,147.6,29.6%,52.3%,23.5%,42.2%,2011
32,Jurgen Melzer,,147.5,32.3%,49.0%,25.9%,40.3%,2011
33,Alexandr Dolgopolov,,147.4,30.1%,49.8%,24.4%,43.1%,2011
34,Tobias Kamke,,147.4,30.8%,50.8%,25.5%,40.3%,2011
35,Albert Montanes,,147.3,31.7%,50.3%,25.6%,39.7%,2011
36,Marin Cilic,,147.3,30.6%,50.2%,23.8%,42.7%,2011
37,Mardy Fish,,147.0,32.3%,50.0%,25.1%,39.6%,2011
38,David Nalbandian,,145.8,29.9%,54.2%,25.1%,36.6%,2011
39,Carlos Berlocq,,145.7,31.6%,50.4%,27.3%,36.4%,2011
40,Somdev Devvarman,,145.3,29.9%,49.9%,25.1%,40.4%,2011
41,Radek Stepanek,,145.3,29.8%,51.8%,24.5%,39.2%,2011
42,Stan Wawrinka,,144.8,31.9%,49.8%,24.8%,38.3%,2011
43,Guillermo Garcia-Lopez,,144.7,28.9%,51.9%,23.3%,40.6%,2011
44,Kei Nishikori,,143.9,29.4%,51.6%,24.6%,38.3%,2011
45,Igor Kunitsyn,,143.6,27.4%,52.3%,22.6%,41.3%,2011
46,Jarkko Nieminen,,143.4,29.2%,49.5%,22.2%,42.5%,2011
47,Andreas Seppi,,143.3,29.3%,49.8%,22.8%,41.4%,2011
48,Mikhail Youzhny,,143.3,29.6%,50.3%,24.3%,39.1%,2011
49,Michael Russell,,142.8,28.1%,47.9%,21.8%,45.0%,2011
50,Marcos Baghdatis,,142.5,29.2%,48.5%,21.9%,42.9%,2011
51,Thomaz Bellucci,,142.5,31.3%,49.2%,22.8%,39.2%,2011
52,Alex Bogomolov Jr.,,142.3,29.6%,51.5%,24.1%,37.1%,2011
53,Dusan Lajovic,,141.8,33.6%,51.3%,22.4%,34.5%,2011
54,Jo-Wilfried Tsonga,,141.3,27.7%,48.5%,21.0%,44.1%,2011
55,Nicolas Almagro,,141.0,29.5%,49.9%,22.5%,39.1%,2011
56,Victor Hanescu,,140.4,27.7%,50.7%,21.3%,40.7%,2011
57,Julien Benneteau,,139.5,28.1%,48.9%,21.5%,41.0%,2011
58,Mikhail Kukushkin,,139.1,28.5%,51.0%,22.6%,37.0%,2011
59,Kevin Anderson,,138.7,28.0%,49.4%,20.1%,41.2%,2011
60,James Blake,,138.2,27.2%,48.4%,20.7%,41.9%,2011
61,Ivan Ljubicic,,137.9,27.0%,47.4%,20.4%,43.1%,2011
62,Andy Roddick,,137.9,27.9%,48.6%,21.5%,39.9%,2011
63,Adrian Mannarino,,137.5,28.4%,48.3%,20.6%,40.2%,2011
64,Ryan Harrison,,136.9,28.9%,47.5%,20.5%,40.0%,2011
65,Pere Riba,,136.5,26.4%,50.0%,19.6%,40.5%,2011
66,Ivan Dodig,,135.9,28.0%,48.1%,19.4%,40.4%,2011
67,Philipp Kohlschreiber,,135.9,27.7%,48.7%,20.4%,39.1%,2011
68,Philipp Petzschner,,135.2,29.1%,47.8%,20.8%,37.5%,2011
69,Igor Andreev,,134.6,28.0%,48.0%,19.5%,39.1%,2011
70,Dmitry Tursunov,,134.4,26.0%,48.0%,18.7%,41.7%,2011
71,Sergiy Stakhovsky,,134.3,30.7%,47.4%,20.7%,35.5%,2011
72,Potito Starace,,133.4,26.8%,48.4%,20.0%,38.2%,2011
73,Denis Istomin,,131.9,28.4%,47.2%,18.4%,37.9%,2011
74,Grigor Dimitrov,,131.7,29.9%,46.8%,20.3%,34.7%,2011
75,Yen-Hsun Lu,,130.6,26.2%,48.6%,17.1%,38.7%,2011
76,Daniel Gimeno-Traver,,130.6,29.2%,49.9%,19.4%,32.1%,2011
77,Michael Berrer,,128.6,28.6%,46.9%,17.5%,35.6%,2011
78,Milos Raonic,,126.1,25.8%,45.7%,15.9%,38.7%,2011
79,Ernests Gulbis,,125.0,25.9%,47.6%,17.3%,34.2%,2011
80,Michael Llodra,,122.7,26.7%,45.1%,15.5%,35.4%,2011
81,Feliciano Lopez,,119.2,26.4%,44.0%,15.0%,33.8%,2011
82,John Isner,,113.0,23.9%,42.3%,12.9%,33.9%,2011
83,Ivo Karlovic,,102.3,20.7%,39.9%,8.6%,33.1%,2011
1,Rafael Nadal,,169.6,34.8%,54.2%,33.8%,46.8%,2013
2,Novak Djokovic,,165.9,35.4%,55.2%,33.2%,42.1%,2013
3,David Ferrer,,165.5,34.1%,56.2%,33.0%,42.2%,2013
4,Andy Murray,,163.4,33.7%,54.7%,31.0%,44.0%,2013
5,Daniel Evans,,163.2,31.2%,55.4%,28.6%,48.0%,2013
6,Juan Monaco,,161.2,32.2%,54.9%,30.8%,43.3%,2013
7,Fabio Fognini,,160.6,33.3%,53.7%,30.7%,42.9%,2013
8,Nikolay Davydenko,,160.0,32.3%,52.0%,27.8%,47.9%,2013
9,Kei Nishikori,,159.2,31.3%,54.8%,30.0%,43.1%,2013
10,Gilles Simon,,152.5,32.1%,52.2%,27.4%,40.8%,2013
11,Lleyton Hewitt,,152.0,29.4%,52.2%,26.0%,44.4%,2013
12,Tobias Kamke,,151.5,30.1%,52.3%,26.1%,43.0%,2013
13,Tomas Berdych,,150.5,30.3%,53.9%,25.1%,41.2%,2013
14,Ernests Gulbis,,150.5,31.3%,50.2%,25.2%,43.8%,2013
15,Tommy Robredo,,150.2,32.6%,49.9%,26.7%,41.0%,2013
16,Roberto Bautista Agut,,149.9,30.5%,52.6%,25.2%,41.6%,2013
17,Nicolas Almagro,,149.5,29.0%,51.7%,24.7%,44.1%,2013
18,Roger Federer,,149.4,33.0%,51.1%,25.9%,39.4%,2013
19,Alejandro Falla,,149.4,29.3%,50.9%,24.4%,44.8%,2013
20,Carlos Berlocq,,148.6,29.7%,53.0%,25.1%,40.8%,2013
21,Richard Gasquet,,148.5,30.3%,53.9%,25.5%,38.8%,2013
22,Marin Cilic,,147.8,29.8%,51.8%,23.8%,42.4%,2013
23,Mikhail Youzhny,,147.3,29.6%,51.2%,24.8%,41.7%,2013
24,Guillermo Garcia-Lopez,,147.2,29.4%,53.0%,24.5%,40.3%,2013
25,Radek Stepanek,,147.2,30.0%,52.1%,25.6%,39.5%,2013
26,Marcel Granollers,,147.0,28.7%,52.3%,23.6%,42.4%,2013
27,Yen-Hsun Lu,,146.8,30.3%,52.4%,24.9%,39.2%,2013
28,Jarkko Nieminen,,146.5,27.1%,52.9%,24.1%,42.4%,2013
29,Benoit Paire,,146.5,32.1%,49.4%,24.3%,40.7%,2013
30,David Goffin,,146.0,31.6%,48.3%,23.0%,43.1%,2013
31,Juan Martin del Potro,,145.9,28.3%,53.0%,23.5%,41.1%,2013
32,Gael Monfils,,145.6,32.4%,48.0%,25.3%,39.9%,2013
33,Marinko Matosevic,,145.5,29.1%,51.7%,24.8%,39.9%,2013
34,Ivan Dodig,,145.4,28.8%,49.2%,23.1%,44.3%,2013
35,Julien Benneteau,,143.7,30.0%,50.3%,23.8%,39.6%,2013
36,Alexander Zverev,,142.8,40.5%,35.7%,33.3%,33.3%,2013
37,Viktor Troicki,,142.4,32.5%,47.3%,23.7%,38.9%,2013
38,Andreas Seppi,,142.3,28.7%,51.1%,23.3%,39.2%,2013
39,Stan Wawrinka,,142.2,30.6%,50.0%,23.3%,38.3%,2013
40,Florian Mayer,,141.5,30.3%,47.5%,22.8%,40.9%,2013
41,Albert Ramos-Vinolas,,141.5,29.9%,49.0%,22.7%,39.9%,2013
42,Dmitry Tursunov,,141.4,27.8%,50.2%,21.7%,41.7%,2013
43,Tommy Haas,,141.2,30.6%,48.7%,23.7%,38.2%,2013
44,Jo-Wilfried Tsonga,,139.5,29.8%,46.9%,20.8%,42.0%,2013
45,Robin Haase,,139.3,28.3%,48.9%,20.4%,41.7%,2013
46,Fernando Verdasco,,139.2,29.9%,50.5%,21.4%,37.4%,2013
47,Karen Khachanov,,138.5,25.3%,50.8%,18.9%,43.5%,2013
48,Pablo Andujar,,138.2,28.9%,51.2%,22.2%,35.9%,2013
49,Grigor Dimitrov,,137.4,29.5%,48.1%,21.6%,38.2%,2013
50,Xavier Malisse,,137.4,27.0%,51.6%,19.9%,38.9%,2013
51,Jan-Lennard Struff,,136.7,24.9%,53.2%,21.1%,37.5%,2013
52,Alexandr Dolgopolov,,136.4,28.3%,49.4%,21.2%,37.5%,2013
53,Martin Klizan,,135.5,28.1%,49.9%,20.3%,37.2%,2013
54,Edouard Roger-Vasselin,,135.5,28.3%,48.4%,21.4%,37.4%,2013
55,Daniel Gimeno-Traver,,135.4,29.3%,47.5%,20.2%,38.4%,2013
56,Jurgen Melzer,,135.0,29.5%,48.4%,21.0%,36.1%,2013
57,Philipp Kohlschreiber,,134.2,27.6%,48.6%,18.7%,39.3%,2013
58,Paolo Lorenzi,,134.2,30.7%,48.5%,20.3%,34.7%,2013
59,Albert Montanes,,134.0,29.6%,47.6%,20.6%,36.2%,2013
60,Adrian Mannarino,,133.9,23.7%,50.7%,18.2%,41.3%,2013
61,Janko Tipsarevic,,133.9,27.1%,49.1%,19.4%,38.3%,2013
62,Dusan Lajovic,,133.8,26.1%,45.8%,15.2%,46.7%,2013
63,Denis Istomin,,131.0,26.8%,47.2%,18.4%,38.6%,2013
64,Igor Sijsling,,130.3,25.9%,47.6%,17.7%,39.1%,2013
65,Jeremy Chardy,,129.9,27.6%,48.9%,17.8%,35.6%,2013
66,Grega Zemlja,,129.5,27.8%,46.9%,18.7%,36.1%,2013
67,Vasek Pospisil,,128.6,29.1%,46.8%,18.4%,34.3%,2013
68,Kevin Anderson,,128.3,27.9%,47.2%,18.0%,35.2%,2013
69,Lukas Rosol,,128.2,28.0%,47.5%,18.9%,33.8%,2013
70,Santiago Giraldo,,127.8,27.1%,46.8%,18.6%,35.3%,2013
71,Jerzy Janowicz,,127.6,29.1%,44.5%,17.6%,36.4%,2013
72,Marcos Baghdatis,,126.5,25.2%,48.9%,17.8%,34.6%,2013
73,Feliciano Lopez,,125.8,27.5%,45.1%,17.1%,36.1%,2013
74,Horacio Zeballos,,122.4,24.2%,44.9%,16.3%,37.0%,2013
75,Sam Querrey,,122.1,26.5%,45.4%,16.1%,34.1%,2013
76,Victor Hanescu,,122.1,27.5%,45.4%,16.8%,32.4%,2013
77,Milos Raonic,,122.1,28.2%,44.4%,15.6%,33.9%,2013
78,Borna Coric,,122.0,19.1%,48.6%,14.3%,40.0%,2013
79,Evgeny Donskoy,,121.2,26.1%,47.0%,15.3%,32.8%,2013
80,Ryan Harrison,,121.2,24.2%,46.0%,13.8%,37.2%,2013
81,Bernard Tomic,,121.1,23.5%,48.5%,15.1%,34.0%,2013
82,Daniel Brands,,120.7,25.1%,46.9%,14.4%,34.3%,2013
83,John Isner,,110.7,23.6%,44.2%,12.2%,30.7%,2013
84,Aslan Karatsev,,92.8,23.3%,46.9%,8.3%,14.3%,2013
85,Mackenzie McDonald,,57.4,7.4%,50.0%,0.0%,0.0%,2013
86,Laslo Djere,,53.8,12.1%,41.7%,0.0%,0.0%,2013
1,Rafael Nadal,,177.9,35.5%,56.1%,40.8%,45.5%,2016
2,Alexander Bublik,,172.7,38.9%,49.0%,34.8%,50.0%,2016
3,Andy Murray,,172.2,33.8%,56.4%,36.7%,45.3%,2016
4,Novak Djokovic,,171.2,34.7%,58.5%,34.5%,43.5%,2016
5,Diego Schwartzman,,161.6,32.2%,53.2%,29.6%,46.6%,2016
6,David Goffin,,160.8,31.9%,54.5%,31.0%,43.4%,2016
7,Gael Monfils,,159.7,31.6%,51.8%,30.5%,45.8%,2016
8,Fabio Fognini,,159.1,30.0%,52.6%,31.1%,45.4%,2016
9,Kei Nishikori,,158.1,30.6%,54.3%,30.2%,43.0%,2016
10,Richard Gasquet,,157.3,32.1%,52.4%,29.2%,43.6%,2016
11,Gilles Simon,,156.2,31.6%,52.2%,28.7%,43.7%,2016
12,David Ferrer,,155.4,31.6%,53.4%,29.1%,41.3%,2016
13,Pablo Carreno Busta,,155.2,30.2%,52.4%,27.0%,45.6%,2016
14,Damir Dzumhur,,154.7,31.7%,50.3%,28.0%,44.7%,2016
15,Juan Monaco,,154.2,31.8%,53.2%,29.7%,39.5%,2016
16,Roberto Bautista Agut,,152.6,30.6%,52.6%,28.0%,41.4%,2016
17,Daniil Medvedev,,152.1,34.7%,51.1%,31.1%,35.2%,2016
18,Paolo Lorenzi,,149.1,30.4%,49.9%,25.4%,43.4%,2016
19,John Millman,,147.9,29.1%,48.9%,24.7%,45.2%,2016
20,Alexander Zverev,,147.3,30.1%,50.0%,24.7%,42.5%,2016
21,Lorenzo Sonego,,146.7,27.0%,62.9%,23.5%,33.3%,2016
22,Juan Martin del Potro,,146.6,28.9%,50.6%,28.9%,38.2%,2016
23,Stephane Robert,,146.4,31.3%,50.6%,24.4%,40.1%,2016
24,Albert Ramos-Vinolas,,146.3,30.5%,50.0%,24.7%,41.1%,2016
25,Federico Delbonis,,145.2,28.5%,51.7%,23.1%,41.9%,2016
26,Tommy Paul,,144.4,23.6%,53.4%,22.2%,45.2%,2016
27,Benoit Paire,,144.1,31.1%,48.2%,24.8%,40.0%,2016
28,Adrian Mannarino,,143.8,29.1%,50.0%,24.0%,40.7%,2016
29,Thomaz Bellucci,,143.7,30.3%,49.3%,24.5%,39.6%,2016
30,Dominic Thiem,,143.7,30.7%,49.6%,23.8%,39.6%,2016
31,Karen Khachanov,,143.0,29.6%,48.5%,22.2%,42.7%,2016
32,Marcos Baghdatis,,143.0,28.5%,50.4%,22.5%,41.6%,2016
33,Jeremy Chardy,,142.9,30.1%,49.9%,23.6%,39.3%,2016
34,Andrey Kuznetsov,,142.9,29.0%,50.6%,23.4%,39.9%,2016
35,Mikhail Youzhny,,142.4,27.9%,52.8%,24.0%,37.7%,2016
36,Stan Wawrinka,,142.2,29.4%,50.5%,23.4%,38.9%,2016
37,Yoshihito Nishioka,,141.9,24.5%,54.2%,21.7%,41.5%,2016
38,Marcel Granollers,,141.8,30.7%,48.2%,22.3%,40.6%,2016
39,Nicolas Mahut,,141.5,27.1%,48.1%,20.2%,46.1%,2016
40,Philipp Kohlschreiber,,141.3,30.2%,50.0%,23.9%,37.2%,2016
41,Fernando Verdasco,,141.1,31.2%,48.9%,23.2%,37.8%,2016
42,Teymuraz Gabashvili,,140.5,28.9%,48.3%,23.6%,39.7%,2016
43,Joao Sousa,,139.8,29.0%,49.9%,22.9%,38.0%,2016
44,Tomas Berdych,,139.8,28.6%,50.1%,21.9%,39.2%,2016
45,Mikhail Kukushkin,,139.6,27.6%,51.6%,21.8%,38.6%,2016
46,Paul-Henri Mathieu,,139.5,26.8%,50.5%,21.0%,41.2%,2016
47,Kyle Edmund,,139.2,26.9%,50.1%,22.7%,39.5%,2016
48,Marin Cilic,,138.8,28.5%,49.5%,23.0%,37.8%,2016
49,Illya Marchenko,,138.7,28.2%,46.1%,20.9%,43.5%,2016
50,Grigor Dimitrov,,137.8,31.1%,48.2%,21.7%,36.8%,2016
51,Viktor Troicki,,137.6,29.2%,49.1%,21.1%,38.2%,2016
52,Donald Young,,136.9,28.5%,49.6%,21.5%,37.3%,2016
53,Andreas Seppi,,136.5,25.7%,49.4%,20.5%,40.9%,2016
54,Lucas Pouille,,136.1,28.0%,47.9%,19.8%,40.4%,2016
55,Pablo Cuevas,,136.1,28.2%,48.9%,20.6%,38.4%,2016
56,Alexandr Dolgopolov,,135.7,27.8%,49.6%,20.6%,37.7%,2016
57,Daniel Evans,,134.5,28.2%,47.3%,19.8%,39.2%,2016
58,Guido Pella,,134.5,27.3%,50.8%,20.4%,36.0%,2016
59,Jack Sock,,134.5,28.4%,50.0%,20.5%,35.6%,2016
60,Nick Kyrgios,,132.6,25.9%,49.6%,19.7%,37.4%,2016
61,Nicolas Almagro,,132.4,29.1%,47.6%,19.9%,35.8%,2016
62,Guillermo Garcia-Lopez,,132.1,28.5%,48.4%,19.3%,35.9%,2016
63,Bernard Tomic,,132.1,25.6%,49.0%,18.3%,39.2%,2016
64,Borna Coric,,131.7,27.0%,49.7%,20.2%,34.8%,2016
65,Jan-Lennard Struff,,131.7,29.3%,46.9%,20.3%,35.2%,2016
66,Milos Raonic,,131.1,28.1%,49.1%,18.4%,35.5%,2016
67,Aljaz Bedene,,130.8,27.9%,47.6%,18.8%,36.5%,2016
68,Jo-Wilfried Tsonga,,130.6,27.6%,47.5%,20.8%,34.7%,2016
69,Frances Tiafoe,,130.3,25.0%,50.0%,17.8%,37.5%,2016
70,Inigo Cervantes,,129.8,24.9%,47.7%,18.7%,38.5%,2016
71,Robin Haase,,129.4,28.4%,46.6%,19.0%,35.4%,2016
72,Jiri Vesely,,129.3,27.0%,48.5%,18.9%,34.9%,2016
73,Andrey Rublev,,128.3,25.9%,47.4%,15.7%,39.3%,2016
74,Feliciano Lopez,,127.8,28.0%,47.5%,17.1%,35.2%,2016
75,Taylor Fritz,,126.7,25.3%,48.3%,18.1%,35.0%,2016
76,Malek Jaziri,,126.2,26.8%,47.2%,18.3%,33.9%,2016
77,Sam Querrey,,123.0,25.9%,44.1%,16.1%,36.9%,2016
78,Dusan Lajovic,,122.3,24.1%,46.6%,15.6%,36.0%,2016
79,Mackenzie McDonald,,121.4,24.1%,56.8%,17.9%,22.6%,2016
80,Steve Johnson,,121.0,25.5%,44.9%,17.7%,32.9%,2016
81,Lukas Rosol,,119.0,24.0%,45.3%,14.3%,35.4%,2016
82,Nicolas Jarry,,117.7,24.7%,44.8%,17.4%,30.8%,2016
83,Rajeev Ram,,117.7,27.3%,43.9%,15.0%,31.5%,2016
84,Vasek Pospisil,,116.8,22.7%,44.0%,12.3%,37.8%,2016
85,Gilles Muller,,116.6,25.1%,43.9%,14.8%,32.8%,2016
86,Kevin Anderson,,116.2,23.3%,47.1%,13.5%,32.3%,2016
87,Aslan Karatsev,,115.0,30.1%,38.9%,17.4%,28.6%,2016
88,John Isner,,107.1,22.7%,42.0%,10.7%,31.7%,2016
89,Ivo Karlovic,,96.2,19.7%,39.4%,7.4%,29.7%,2016
90,Laslo Djere,,95.1,27.9%,27.6%,6.3%,33.3%,2016
91,Casper Ruud,,76.7,16.3%,34.6%,9.1%,16.7%,2016
92,Christopher Eubanks,,34.9,7.9%,27.0%,0.0%,0.0%,2016
1,Diego Schwartzman,,168.7,34.3%,56.1%,34.8%,43.5%,2017
2,Andy Murray,,168.6,34.7%,53.9%,32.2%,47.8%,2017
3,Rafael Nadal,,164.3,34.6%,55.6%,32.7%,41.4%,2017
4,Novak Djokovic,,164.0,33.5%,55.3%,30.6%,44.6%,2017
5,Damir Dzumhur,,162.2,32.7%,51.2%,30.4%,47.9%,2017
6,Roberto Bautista Agut,,159.4,32.4%,54.1%,30.4%,42.5%,2017
7,Kei Nishikori,,157.3,31.4%,54.4%,28.6%,42.9%,2017
8,Hyeon Chung,,154.6,32.1%,53.4%,27.9%,41.2%,2017
9,Yoshihito Nishioka,,154.1,28.5%,55.0%,28.3%,42.3%,2017
10,Pablo Carreno Busta,,152.9,29.4%,53.0%,27.2%,43.3%,2017
11,Daniel Evans,,152.6,32.2%,50.3%,25.6%,44.5%,2017
12,David Goffin,,151.9,30.1%,53.9%,26.7%,41.2%,2017
13,Adrian Mannarino,,151.6,30.3%,51.3%,26.0%,44.0%,2017
14,Roger Federer,,150.9,32.4%,51.5%,26.7%,40.3%,2017
15,Richard Gasquet,,150.6,29.6%,54.1%,26.0%,40.9%,2017
16,Andrey Rublev,,150.0,29.4%,53.4%,24.4%,42.8%,2017
17,Steve Darcis,,149.6,31.0%,48.3%,23.9%,46.4%,2017
18,Fernando Verdasco,,149.5,30.5%,52.5%,25.1%,41.4%,2017
19,Gael Monfils,,148.6,32.8%,48.8%,25.8%,41.2%,2017
20,Gilles Simon,,148.0,30.4%,50.6%,24.1%,42.9%,2017
21,Yuichi Sugita,,147.6,28.9%,51.5%,23.9%,43.3%,2017
22,Alexander Zverev,,147.3,28.4%,50.7%,23.2%,45.0%,2017
23,Benoit Paire,,147.2,32.7%,47.6%,24.1%,42.8%,2017
24,Fabio Fognini,,146.3,31.2%,50.1%,26.0%,39.0%,2017
25,Dominic Thiem,,146.3,31.3%,49.6%,25.2%,40.2%,2017
26,David Ferrer,,145.8,31.4%,51.3%,25.4%,37.7%,2017
27,Laslo Djere,,144.7,33.6%,48.7%,24.6%,37.8%,2017
28,Jo-Wilfried Tsonga,,144.3,30.2%,50.4%,23.3%,40.4%,2017
29,Philipp Kohlschreiber,,144.1,29.1%,50.8%,23.0%,41.2%,2017
30,Marin Cilic,,144.1,30.9%,51.4%,23.6%,38.2%,2017
31,Grigor Dimitrov,,143.9,29.8%,52.0%,23.7%,38.4%,2017
32,Carlos Berlocq,,142.5,29.1%,49.3%,21.9%,42.2%,2017
33,Albert Ramos-Vinolas,,142.0,29.6%,50.4%,23.1%,38.9%,2017
34,Sam Querrey,,141.8,28.5%,48.7%,21.5%,43.1%,2017
35,Lucas Pouille,,140.8,26.5%,51.6%,21.5%,41.2%,2017
36,Stan Wawrinka,,140.5,28.8%,49.3%,22.3%,40.1%,2017
37,Andreas Seppi,,140.3,28.1%,48.6%,21.1%,42.5%,2017
38,Jiri Vesely,,140.2,27.8%,47.6%,21.0%,43.8%,2017
39,Kyle Edmund,,140.0,27.1%,51.5%,22.0%,39.4%,2017
40,Guido Pella,,139.9,28.2%,51.2%,21.7%,38.8%,2017
41,Thomaz Bellucci,,139.2,27.9%,50.8%,20.8%,39.7%,2017
42,Nikoloz Basilashvili,,138.9,29.2%,49.7%,22.8%,37.2%,2017
43,Tomas Berdych,,138.6,25.1%,51.1%,19.8%,42.6%,2017
44,Robin Haase,,137.8,29.2%,50.2%,21.8%,36.6%,2017
45,Juan Martin del Potro,,137.4,28.0%,49.9%,21.0%,38.5%,2017
46,Pablo Cuevas,,137.3,29.2%,47.7%,20.2%,40.2%,2017
47,Joao Sousa,,136.7,28.9%,47.8%,20.8%,39.2%,2017
48,Mikhail Youzhny,,135.8,27.8%,48.0%,20.1%,39.9%,2017
49,Aljaz Bedene,,135.6,28.9%,48.5%,20.6%,37.6%,2017
50,Jared Donaldson,,135.5,27.2%,50.1%,21.2%,37.0%,2017
51,Alexandr Dolgopolov,,135.4,27.3%,48.8%,19.6%,39.7%,2017
52,Taylor Fritz,,134.6,26.9%,48.8%,20.8%,38.1%,2017
53,Dusan Lajovic,,134.4,26.5%,46.6%,19.1%,42.2%,2017
54,Daniil Medvedev,,134.1,27.3%,49.0%,19.8%,38.0%,2017
55,Mischa Zverev,,134.0,28.7%,45.5%,18.0%,41.8%,2017
56,Jack Sock,,133.5,27.9%,49.9%,19.7%,36.0%,2017
57,Donald Young,,133.1,26.3%,45.7%,18.9%,42.2%,2017
58,Karen Khachanov,,132.5,28.0%,48.1%,19.3%,37.1%,2017
59,Viktor Troicki,,132.4,28.1%,48.5%,18.5%,37.3%,2017
60,Frances Tiafoe,,132.2,26.5%,48.5%,18.7%,38.5%,2017
61,Andrey Kuznetsov,,132.1,27.8%,48.4%,19.9%,36.0%,2017
62,Rogerio Dutra Silva,,132.0,32.1%,46.8%,20.8%,32.3%,2017
63,Malek Jaziri,,131.8,25.8%,49.0%,19.3%,37.7%,2017
64,Marcos Baghdatis,,131.7,29.0%,46.8%,19.5%,36.4%,2017
65,Ryan Harrison,,130.4,26.7%,46.8%,19.4%,37.5%,2017
66,Borna Coric,,130.0,25.2%,49.7%,17.8%,37.3%,2017
67,Milos Raonic,,129.4,27.8%,48.7%,17.9%,35.0%,2017
68,Nick Kyrgios,,129.3,26.1%,46.9%,18.3%,38.0%,2017
69,Paolo Lorenzi,,128.7,26.4%,47.6%,18.2%,36.5%,2017
70,Steve Johnson,,128.5,26.0%,46.0%,17.5%,39.0%,2017
71,Jeremy Chardy,,128.3,26.6%,48.1%,17.5%,36.1%,2017
72,Sebastian Ofner,,128.0,24.2%,50.2%,21.2%,32.4%,2017
73,Casper Ruud,,127.7,24.7%,44.9%,17.4%,40.7%,2017
74,Jan-Lennard Struff,,127.6,26.4%,48.0%,17.4%,35.8%,2017
75,Tommy Paul,,127.0,25.9%,49.6%,19.8%,31.7%,2017
76,Alexander Bublik,,126.2,26.4%,44.6%,19.5%,35.7%,2017
77,Kevin Anderson,,126.1,27.4%,47.5%,16.0%,35.2%,2017
78,Thiago Monteiro,,125.5,25.0%,45.0%,17.0%,38.5%,2017
79,Denis Istomin,,125.2,26.5%,46.4%,16.4%,35.9%,2017
80,Horacio Zeballos,,123.1,22.0%,48.8%,15.2%,37.1%,2017
81,Feliciano Lopez,,122.4,25.4%,45.3%,16.9%,34.8%,2017
82,Gilles Muller,,120.2,24.6%,45.8%,14.0%,35.8%,2017
83,Nicolas Mahut,,118.0,25.7%,46.9%,15.1%,30.3%,2017
84,Alex de Minaur,,117.4,26.6%,48.6%,12.5%,29.7%,2017
85,Dustin Brown,,117.3,25.7%,41.0%,13.8%,36.8%,2017
86,Stefanos Tsitsipas,,113.4,24.7%,43.3%,12.1%,33.3%,2017
87,Cameron Norrie,,108.9,25.2%,44.6%,11.1%,28.0%,2017
88,John Isner,,105.1,21.2%,40.6%,9.4%,33.9%,2017
89,Christopher Eubanks,,103.3,23.3%,33.3%,8.2%,38.5%,2017
90,Nicolas Jarry,,96.2,21.8%,43.9%,9.1%,21.4%,2017
91,Ivo Karlovic,,94.4,18.4%,40.6%,6.3%,29.1%,2017
92,Tallon Griekspoor,,90.1,15.5%,36.0%,5.3%,33.3%,2017
93,Roman Safiullin,,32.9,25.8%,7.1%,0.0%,0.0%,2017
1,Daniel Evans,,179.9,37.7%,46.9%,28.6%,66.7%,2018
2,Max Purcell,,178.3,8.7%,57.1%,12.5%,100.0%,2018
3,Rafael Nadal,,174.4,35.7%,56.6%,36.5%,45.6%,2018
4,Christopher Eubanks,,169.2,23.8%,65.4%,20.0%,60.0%,2018
5,David Goffin,,163.1,32.5%,54.1%,30.5%,46.0%,2018
6,Diego Schwartzman,,159.9,32.0%,55.8%,30.7%,41.4%,2018
7,Fabio Fognini,,159.7,32.3%,53.4%,29.4%,44.6%,2018
8,Novak Djokovic,,159.1,34.4%,54.5%,30.3%,39.9%,2018
9,Hyeon Chung,,157.8,32.0%,53.7%,28.2%,43.9%,2018
10,Gilles Simon,,156.6,32.0%,54.3%,28.4%,41.9%,2018
11,Alexander Zverev,,154.3,32.4%,52.2%,27.6%,42.1%,2018
12,Richard Gasquet,,152.3,31.2%,50.9%,27.0%,43.2%,2018
13,Pablo Carreno Busta,,152.3,28.9%,53.0%,26.2%,44.2%,2018
14,Damir Dzumhur,,152.0,32.6%,50.0%,26.2%,43.2%,2018
15,Roberto Bautista Agut,,151.9,30.0%,54.1%,26.0%,41.8%,2018
16,Andy Murray,,150.6,27.8%,55.2%,26.5%,41.1%,2018
17,Borna Coric,,150.3,29.5%,51.5%,26.1%,43.2%,2018
18,Marton Fucsovics,,150.0,31.2%,51.9%,26.8%,40.1%,2018
19,Fernando Verdasco,,149.0,31.3%,51.7%,24.8%,41.2%,2018
20,Kei Nishikori,,148.8,29.6%,52.1%,24.5%,42.6%,2018
21,Juan Martin del Potro,,147.5,30.5%,52.8%,25.2%,39.0%,2018
22,John Millman,,147.0,29.8%,51.4%,24.6%,41.2%,2018
23,Gael Monfils,,147.0,30.6%,46.9%,23.1%,46.4%,2018
24,Dominic Thiem,,146.4,31.3%,51.4%,24.4%,39.3%,2018
25,Roger Federer,,146.2,32.1%,48.3%,23.9%,41.9%,2018
26,Dusan Lajovic,,144.8,29.6%,50.6%,23.0%,41.6%,2018
27,Benoit Paire,,144.7,31.5%,48.7%,23.9%,40.6%,2018
28,Karen Khachanov,,144.5,28.5%,51.4%,23.0%,41.6%,2018
29,Yoshihito Nishioka,,144.1,26.6%,55.9%,23.4%,38.2%,2018
30,Alex de Minaur,,143.4,27.7%,53.3%,23.8%,38.6%,2018
31,Andrey Rublev,,143.0,29.8%,52.8%,23.7%,36.7%,2018
32,Filip Krajinovic,,141.4,27.4%,53.7%,24.2%,36.1%,2018
33,Daniil Medvedev,,141.2,28.1%,51.4%,23.1%,38.6%,2018
34,Radu Albot,,141.0,29.0%,52.4%,22.6%,37.0%,2018
35,Andreas Seppi,,141.0,28.7%,49.1%,22.8%,40.4%,2018
36,Adrian Mannarino,,140.8,27.5%,48.4%,19.3%,45.6%,2018
37,Sebastian Korda,,140.4,21.6%,54.5%,21.4%,42.9%,2018
38,Kyle Edmund,,140.2,28.1%,51.1%,22.0%,39.0%,2018
39,Guido Pella,,140.2,28.1%,52.6%,21.9%,37.6%,2018
40,Mikhail Kukushkin,,139.9,27.7%,52.3%,21.7%,38.2%,2018
41,Felix Auger-Aliassime,,139.2,31.7%,48.4%,20.8%,38.3%,2018
42,Marin Cilic,,139.2,29.9%,50.5%,22.8%,36.0%,2018
43,Casper Ruud,,139.1,25.8%,51.8%,20.5%,41.0%,2018
44,Cameron Norrie,,139.0,29.2%,48.0%,21.1%,40.7%,2018
45,Robin Haase,,138.4,26.4%,49.1%,21.2%,41.7%,2018
46,Joao Sousa,,138.1,31.3%,47.9%,22.7%,36.2%,2018
47,Jan-Lennard Struff,,137.9,25.9%,48.4%,18.9%,44.7%,2018
48,Malek Jaziri,,137.5,26.2%,50.2%,19.9%,41.2%,2018
49,Roberto Carballes Baena,,137.0,26.9%,50.1%,19.8%,40.2%,2018
50,Stefanos Tsitsipas,,136.5,26.9%,49.4%,19.7%,40.5%,2018
51,Philipp Kohlschreiber,,135.8,27.8%,48.9%,19.6%,39.5%,2018
52,Jared Donaldson,,135.8,26.7%,49.1%,20.3%,39.7%,2018
53,Matthew Ebden,,135.7,27.4%,47.6%,19.6%,41.1%,2018
54,Aljaz Bedene,,135.2,30.7%,48.3%,21.5%,34.7%,2018
55,Denis Shapovalov,,135.0,27.0%,48.4%,19.4%,40.2%,2018
56,Taro Daniel,,134.8,24.7%,51.6%,19.6%,38.9%,2018
57,Nikoloz Basilashvili,,134.3,27.6%,49.4%,20.7%,36.6%,2018
58,Guillermo Garcia-Lopez,,133.9,27.2%,50.2%,20.0%,36.5%,2018
59,Mackenzie McDonald,,132.8,25.4%,48.9%,16.8%,41.7%,2018
60,Mischa Zverev,,132.6,28.9%,48.7%,20.2%,34.8%,2018
61,Sebastian Ofner,,132.3,18.5%,42.9%,13.8%,57.1%,2018
62,Taylor Fritz,,132.2,25.8%,50.2%,18.7%,37.5%,2018
63,Pierre-Hugues Herbert,,132.0,26.8%,46.7%,16.8%,41.7%,2018
64,Tennys Sandgren,,132.0,27.4%,46.0%,17.9%,40.7%,2018
65,Tallon Griekspoor,,131.2,18.6%,49.2%,19.0%,44.4%,2018
66,Ugo Humbert,,130.8,24.3%,44.4%,14.3%,47.8%,2018
67,Marco Cecchinato,,130.5,26.8%,49.2%,18.9%,35.6%,2018
68,Sam Querrey,,130.4,25.4%,47.3%,17.9%,39.8%,2018
69,Leonardo Mayer,,130.4,26.5%,47.2%,18.0%,38.7%,2018
70,Grigor Dimitrov,,130.1,28.3%,47.3%,18.7%,35.8%,2018
71,Peter Gojowczyk,,129.7,27.4%,49.0%,17.7%,35.6%,2018
72,Frances Tiafoe,,129.3,25.8%,48.1%,18.0%,37.4%,2018
73,Steve Johnson,,127.8,26.9%,47.0%,17.6%,36.3%,2018
74,Lucas Pouille,,127.3,26.3%,46.9%,17.7%,36.4%,2018
75,Alexander Bublik,,127.3,27.8%,45.2%,14.3%,40.0%,2018
76,Jeremy Chardy,,127.1,25.5%,49.6%,16.8%,35.2%,2018
77,Ryan Harrison,,126.5,26.5%,45.2%,16.7%,38.1%,2018
78,Albert Ramos-Vinolas,,126.1,25.3%,47.7%,17.0%,36.1%,2018
79,Hubert Hurkacz,,126.1,27.5%,45.4%,17.3%,35.9%,2018
80,Nicolas Jarry,,125.8,25.7%,46.9%,16.6%,36.6%,2018
81,Milos Raonic,,125.0,26.6%,46.3%,15.5%,36.6%,2018
82,Nick Kyrgios,,124.9,21.7%,47.3%,14.3%,41.6%,2018
83,Denis Istomin,,123.3,26.2%,47.3%,16.5%,33.3%,2018
84,Jiri Vesely,,123.0,25.2%,48.7%,17.1%,32.0%,2018
85,Kevin Anderson,,122.9,26.6%,44.9%,16.0%,35.4%,2018
86,Jack Sock,,122.7,25.3%,46.9%,15.9%,34.6%,2018
87,Evgeny Donskoy,,122.2,26.5%,45.2%,15.6%,34.9%,2018
88,Maximilian Marterer,,121.4,25.7%,45.0%,15.5%,35.2%,2018
89,Laslo Djere,,121.3,27.6%,48.3%,15.6%,29.8%,2018
90,Yuichi Sugita,,120.5,24.1%,48.6%,15.4%,32.4%,2018
91,Matteo Berrettini,,120.0,27.1%,45.8%,15.4%,31.7%,2018
92,Tommy Paul,,118.2,26.2%,47.6%,15.2%,29.2%,2018
93,Stan Wawrinka,,116.7,26.1%,45.6%,14.6%,30.4%,2018
94,Feliciano Lopez,,116.0,25.8%,44.7%,13.4%,32.1%,2018
95,Marius Copil,,115.6,24.4%,44.7%,13.0%,33.5%,2018
96,Lorenzo Sonego,,114.3,21.4%,46.8%,12.8%,33.3%,2018
97,Alexei Popyrin,,104.4,23.3%,38.4%,10.9%,31.8%,2018
98,John Isner,,101.1,22.8%,41.3%,9.4%,27.6%,2018
1,Rafael Nadal,,170.9,35.1%,55.8%,35.1%,44.9%,2019
2,Novak Djokovic,,168.9,33.9%,54.2%,31.8%,49.0%,2019
3,Diego Schwartzman,,161.7,32.7%,56.1%,31.0%,41.9%,2019
4,Daniil Medvedev,,157.6,30.6%,55.6%,28.0%,43.4%,2019
5,Kei Nishikori,,156.6,31.8%,54.6%,28.4%,41.8%,2019
6,Roberto Carballes Baena,,155.9,32.2%,50.0%,26.9%,46.8%,2019
7,David Goffin,,153.9,32.5%,52.0%,27.9%,41.5%,2019
8,Fabio Fognini,,153.3,30.8%,51.5%,26.7%,44.3%,2019
9,Tommy Paul,,152.8,27.7%,52.2%,22.9%,50.0%,2019
10,Francisco Cerundolo,,151.2,34.6%,43.5%,23.1%,50.0%,2019
11,Gael Monfils,,150.4,32.4%,49.8%,27.1%,41.1%,2019
12,Filip Krajinovic,,150.4,30.5%,51.9%,25.9%,42.1%,2019
13,Yoshihito Nishioka,,149.6,29.2%,53.7%,25.5%,41.2%,2019
14,Roger Federer,,149.3,32.6%,50.0%,25.8%,40.9%,2019
15,Albert Ramos-Vinolas,,149.1,29.8%,50.2%,25.0%,44.1%,2019
16,Adrian Mannarino,,147.7,30.0%,50.3%,23.8%,43.6%,2019
17,Roberto Bautista Agut,,147.5,29.1%,53.7%,24.5%,40.2%,2019
18,Alexander Zverev,,146.7,31.8%,50.7%,25.5%,38.7%,2019
19,Dominic Thiem,,145.5,29.4%,50.8%,23.6%,41.7%,2019
20,Gilles Simon,,145.5,30.8%,52.7%,24.0%,38.0%,2019
21,Alejandro Davidovich Fokina,,145.4,30.6%,48.8%,22.0%,44.0%,2019
22,Andrey Rublev,,145.3,29.2%,54.6%,25.0%,36.5%,2019
23,Dusan Lajovic,,145.1,28.6%,50.0%,23.2%,43.3%,2019
24,Nikoloz Basilashvili,,145.0,30.0%,49.9%,23.3%,41.8%,2019
25,Alex de Minaur,,145.0,30.1%,49.6%,23.4%,41.9%,2019
26,Federico Delbonis,,144.9,28.9%,52.3%,23.7%,40.0%,2019
27,Casper Ruud,,143.4,27.0%,49.3%,22.7%,44.4%,2019
28,Marton Fucsovics,,142.6,32.2%,49.4%,24.9%,36.1%,2019
29,Grigor Dimitrov,,142.5,29.1%,49.6%,22.8%,41.0%,2019
30,Andy Murray,,142.2,28.8%,53.0%,22.2%,38.2%,2019
31,Guido Pella,,142.2,28.5%,53.4%,22.9%,37.4%,2019
32,Pablo Cuevas,,142.2,28.9%,48.9%,22.0%,42.4%,2019
33,Radu Albot,,141.6,28.2%,52.2%,22.8%,38.4%,2019
34,Daniel Evans,,141.5,30.3%,49.4%,24.3%,37.5%,2019
35,Cristian Garin,,141.1,29.3%,48.9%,22.4%,40.5%,2019
36,Benoit Paire,,140.7,31.4%,48.6%,22.4%,38.3%,2019
37,Pablo Andujar,,140.7,30.3%,50.1%,21.7%,38.6%,2019
38,Jordan Thompson,,140.3,28.4%,49.7%,21.6%,40.6%,2019
39,Jannik Sinner,,140.3,30.5%,48.7%,23.6%,37.5%,2019
40,Jaume Munar,,140.1,31.9%,49.4%,22.4%,36.4%,2019
41,Aljaz Bedene,,140.1,26.0%,50.1%,20.8%,43.2%,2019
42,John Millman,,140.0,27.5%,51.7%,21.1%,39.7%,2019
43,Pablo Carreno Busta,,139.9,26.2%,53.6%,22.2%,37.9%,2019
44,Fernando Verdasco,,136.7,28.8%,50.2%,21.7%,36.0%,2019
45,Cameron Norrie,,136.5,28.1%,49.3%,20.3%,38.8%,2019
46,Miomir Kecmanovic,,136.4,24.9%,52.1%,20.1%,39.3%,2019
47,Andreas Seppi,,136.3,27.2%,50.1%,19.1%,39.9%,2019
48,Mackenzie McDonald,,136.2,27.1%,48.1%,18.9%,42.1%,2019
49,Felix Auger-Aliassime,,136.0,28.1%,48.1%,19.3%,40.5%,2019
50,Damir Dzumhur,,136.0,28.5%,51.7%,21.6%,34.2%,2019
51,Karen Khachanov,,135.6,28.1%,48.7%,19.6%,39.2%,2019
52,Juan Ignacio Londero,,135.3,28.3%,49.8%,20.7%,36.5%,2019
53,Jan-Lennard Struff,,134.5,28.1%,49.5%,19.4%,37.5%,2019
54,Denis Shapovalov,,133.5,29.2%,47.1%,19.1%,38.1%,2019
55,Ugo Humbert,,133.4,26.4%,48.9%,19.1%,39.0%,2019
56,Frances Tiafoe,,132.7,26.5%,49.3%,18.5%,38.4%,2019
57,Laslo Djere,,132.6,28.7%,48.0%,20.0%,35.9%,2019
58,Stefanos Tsitsipas,,132.4,29.2%,47.2%,19.6%,36.4%,2019
59,Borna Coric,,132.3,27.8%,48.0%,19.0%,37.5%,2019
60,Jo-Wilfried Tsonga,,132.3,27.5%,46.5%,17.7%,40.6%,2019
61,Mikhail Kukushkin,,132.1,26.2%,50.4%,19.8%,35.7%,2019
62,Kyle Edmund,,132.0,25.8%,48.3%,17.8%,40.1%,2019
63,Peter Gojowczyk,,131.8,26.7%,47.7%,19.6%,37.8%,2019
64,Steve Johnson,,131.6,25.9%,46.6%,17.5%,41.6%,2019
65,Jeremy Chardy,,131.4,26.6%,48.5%,19.0%,37.3%,2019
66,Denis Kudla,,131.0,28.8%,46.5%,18.1%,37.6%,2019
67,Joao Sousa,,131.0,27.4%,47.3%,19.0%,37.3%,2019
68,Stan Wawrinka,,130.6,28.4%,47.0%,18.7%,36.5%,2019
69,Marco Cecchinato,,130.2,26.9%,46.9%,17.1%,39.3%,2019
70,Matteo Berrettini,,130.2,27.3%,47.5%,17.9%,37.5%,2019
71,Philipp Kohlschreiber,,130.0,27.7%,48.8%,18.8%,34.7%,2019
72,Nicolas Jarry,,129.9,25.9%,44.9%,15.9%,43.2%,2019
73,Hubert Hurkacz,,129.4,27.0%,47.1%,17.5%,37.8%,2019
74,Marin Cilic,,129.1,27.5%,48.7%,18.2%,34.7%,2019
75,Alexander Bublik,,128.6,26.9%,46.4%,17.1%,38.2%,2019
76,Tennys Sandgren,,128.4,27.2%,46.6%,17.8%,36.8%,2019
77,Pierre-Hugues Herbert,,127.8,25.8%,47.4%,17.3%,37.3%,2019
78,Lucas Pouille,,127.4,25.9%,47.1%,17.3%,37.1%,2019
79,Richard Gasquet,,125.2,27.6%,47.3%,17.6%,32.7%,2019
80,Leonardo Mayer,,124.0,27.4%,47.1%,14.7%,34.8%,2019
81,Nick Kyrgios,,122.7,21.6%,43.4%,13.3%,44.4%,2019
82,Taylor Fritz,,121.5,24.3%,47.8%,14.7%,34.7%,2019
83,Sam Querrey,,120.8,26.2%,46.3%,15.4%,32.9%,2019
84,Lorenzo Sonego,,119.9,27.8%,44.1%,14.8%,33.2%,2019
85,Christopher Eubanks,,119.0,24.9%,45.7%,15.1%,33.3%,2019
86,Milos Raonic,,118.4,26.6%,45.7%,14.2%,31.9%,2019
87,Alexei Popyrin,,115.7,24.9%,43.2%,14.3%,33.3%,2019
88,Sebastian Ofner,,115.4,26.4%,45.7%,10.0%,33.3%,2019
89,Tallon Griekspoor,,113.7,17.1%,45.5%,13.6%,37.5%,2019
90,John Isner,,102.9,22.2%,41.9%,9.7%,29.1%,2019
91,Reilly Opelka,,100.9,21.0%,41.3%,9.8%,28.8%,2019
1,Francisco Cerundolo,,196.4,37.3%,48.3%,30.8%,80.0%,2020
2,Rafael Nadal,,175.6,35.1%,56.8%,34.4%,49.3%,2020
3,Diego Schwartzman,,173.7,34.4%,57.4%,34.9%,47.0%,2020
4,Novak Djokovic,,168.8,34.6%,57.8%,32.9%,43.5%,2020
5,Lorenzo Musetti,,166.8,33.5%,53.7%,30.7%,48.9%,2020
6,Jannik Sinner,,160.1,33.7%,52.2%,28.6%,45.6%,2020
7,Grigor Dimitrov,,159.1,32.6%,53.2%,28.6%,44.7%,2020
8,Andrey Rublev,,158.6,32.1%,53.5%,28.6%,44.4%,2020
9,Roman Safiullin,,157.5,35.1%,57.1%,30.0%,35.3%,2020
10,Daniil Medvedev,,156.7,31.4%,56.3%,27.5%,41.5%,2020
11,Alejandro Davidovich Fokina,,155.1,33.6%,51.5%,28.8%,41.2%,2020
12,Alexander Zverev,,154.1,32.7%,50.8%,27.1%,43.5%,2020
13,Laslo Djere,,152.5,32.2%,50.6%,25.3%,44.4%,2020
14,Alex de Minaur,,152.0,31.6%,52.7%,24.8%,42.9%,2020
15,Dominic Thiem,,151.0,32.5%,50.3%,26.1%,42.1%,2020
16,Karen Khachanov,,149.5,28.3%,53.3%,22.9%,45.0%,2020
17,Cristian Garin,,149.3,31.0%,51.9%,26.1%,40.3%,2020
18,Daniel Evans,,148.6,31.2%,50.7%,25.1%,41.6%,2020
19,Mackenzie McDonald,,147.1,28.9%,51.2%,21.9%,45.1%,2020
20,Sebastian Korda,,146.9,31.3%,48.8%,25.8%,41.0%,2020
21,Aslan Karatsev,,146.2,29.3%,49.1%,19.7%,48.1%,2020
22,Yoshihito Nishioka,,146.0,30.4%,52.9%,25.5%,37.2%,2020
23,Adrian Mannarino,,144.4,30.1%,50.8%,23.5%,40.0%,2020
24,Tommy Paul,,144.2,27.5%,51.3%,23.1%,42.3%,2020
25,Borna Coric,,143.5,26.8%,51.0%,22.5%,43.2%,2020
26,Cameron Norrie,,143.3,30.2%,48.7%,23.3%,41.1%,2020
27,Pablo Carreno Busta,,143.2,28.3%,52.3%,25.2%,37.4%,2020
28,Hubert Hurkacz,,142.1,28.3%,50.6%,22.1%,41.1%,2020
29,Jan-Lennard Struff,,140.4,28.9%,51.1%,22.7%,37.7%,2020
30,Stefanos Tsitsipas,,139.9,29.3%,49.9%,21.6%,39.1%,2020
31,Carlos Alcaraz,,138.5,38.7%,50.6%,25.0%,24.2%,2020
32,Denis Shapovalov,,138.0,29.9%,49.2%,22.5%,36.4%,2020
33,Casper Ruud,,137.1,29.0%,49.9%,23.0%,35.2%,2020
34,Stan Wawrinka,,137.0,29.7%,49.7%,20.6%,37.0%,2020
35,Dusan Lajovic,,136.5,30.9%,48.5%,21.5%,35.6%,2020
36,Frances Tiafoe,,135.1,28.4%,48.3%,19.8%,38.6%,2020
37,Ugo Humbert,,132.0,28.8%,48.1%,20.0%,35.1%,2020
38,Lorenzo Sonego,,130.2,27.8%,46.2%,18.1%,38.1%,2020
39,Milos Raonic,,129.8,27.1%,48.4%,18.0%,36.3%,2020
40,Taylor Fritz,,129.5,26.3%,52.4%,18.8%,32.0%,2020
41,Felix Auger-Aliassime,,128.7,29.2%,45.7%,19.1%,34.7%,2020
42,Alexander Bublik,,120.3,28.4%,44.7%,16.0%,31.2%,2020
43,Alexei Popyrin,,114.8,24.2%,45.2%,10.9%,34.5%,2020
44,Max Purcell,,114.8,20.8%,47.4%,13.3%,33.3%,2020
45,Andy Murray,,114.6,24.8%,43.5%,12.0%,34.3%,2020
46,Nicolas Jarry,,110.0,19.8%,52.1%,11.4%,26.7%,2020
47,Christopher Eubanks,,92.4,25.7%,36.4%,5.3%,25.0%,2020
48,Tallon Griekspoor,,51.0,5.5%,45.5%,0.0%,0.0%,2020
